{
    "Albums": "এলবাম",
    "Application": "আবেদন",
    "AppDeviceValues": "এপ্‌: {0}, ডিভাইচ: {1}",
    "Artists": "শিল্পী",
    "Channels": "চেনেলস",
    "Default": "ডিফল্ট",
    "AuthenticationSucceededWithUserName": "{0} সফলভাবে প্রমাণিত",
    "Books": "পুস্তক",
    "Movies": "চলচ্চিত্ৰ",
    "CameraImageUploadedFrom": "একটি নতুন ক্যামেরা চিত্র আপলোড করা হয়েছে {0}",
    "Collections": "সংগ্রহ",
    "HeaderFavoriteShows": "প্রিয় শোসমূহ",
    "Latest": "শেহতীয়া",
    "MessageApplicationUpdated": "জেলিফিন চাইভাৰ আপডেট কৰা হৈছে",
    "MixedContent": "মিশ্ৰিত সমগ্ৰতা",
    "NewVersionIsAvailable": "ডাউনলোড কৰিবলৈ জেলিফিন চাইভাৰৰ এটা নতুন সংস্কৰণ উপলব্ধ আছে.",
    "NotificationOptionCameraImageUploaded": "কেমেৰাৰ চিত্ৰ আপল'ড কৰা হ'ল",
    "External": "বাহ্যিক",
    "Favorites": "পছন্দসই",
    "Folders": "ফোল্ডাৰ",
    "Forced": "বলপূর্বক",
    "Genres": "শ্রেণী",
    "HeaderAlbumArtists": "অ্যালবাম শিল্পী",
    "HeaderContinueWatching": "দেখা চালিয়ে যান",
    "FailedLoginAttemptWithUserName": "লগইন ব্যর্থ চেষ্টা কৰা হৈছে থেকে {0}",
    "HeaderFavoriteAlbums": "প্রিয় অ্যালবামসমূহ",
    "HeaderFavoriteArtists": "প্রিয় শিল্পীসমূহ",
    "HeaderFavoriteEpisodes": "প্রিয় পর্বসমূহ",
    "HeaderFavoriteSongs": "প্ৰিয় গীত",
    "HeaderLiveTV": "প্ৰতিবেদন টিভি",
    "HeaderNextUp": "পৰৱৰ্তী অংশ",
    "HeaderRecordingGroups": "অলংকৰণ গোষ্ঠীসমূহ",
    "HearingImpaired": "শ্ৰবণ অক্ষম",
    "HomeVideos": "ঘৰৰ ভিডিঅ'সমূহ",
    "Inherit": "উত্তপ্ত কৰা",
    "MessageServerConfigurationUpdated": "চাইভাৰ কনফিগাৰেশ্যন আপডেট কৰা হৈছে",
    "NotificationOptionApplicationUpdateAvailable": "অ্যাপ্লিকেশ্যন আপডেট উপলব্ধ",
    "NotificationOptionApplicationUpdateInstalled": "অ্যাপ্লিকেশ্যন আপডেট ইনষ্টল কৰা হ'ল",
    "NotificationOptionAudioPlayback": "অডিঅ' প্লেবেক আৰম্ভ হ'ল",
    "NotificationOptionAudioPlaybackStopped": "অডিঅ' প্লেবেক আঁতৰ হ'ল",
    "NotificationOptionInstallationFailed": "ইনষ্টলেশ্যন ব্যৰ্থতা"
}
