{
    "ChapterNameValue": "Didanedi {0}",
    "HeaderAlbumArtists": "Didanidanolisgisgi",
    "HeaderFavoriteAlbums": "Dvganidi didanidisgisgi",
    "HeaderLiveTV": "Anigadi didanidisgosgi",
    "HeaderRecordingGroups": "Didanisquodiisgisgi",
    "HomeVideos": "Diganadi dinagadisgisgi",
    "Inherit": "Anigwe",
    "MessageApplicationUpdatedTo": "Tsenigwidinonvhi Jellyfin Server tsadanidigwe anigadi {0}",
    "MixedContent": "Ganinidi dininoladisgisgi",
    "Movies": "Anidvnisgisgi",
    "MusicVideos": "Danodisgisgi didanidisgosgi",
    "NotificationOptionAudioPlayback": "Didanidigwe diganuyisgisgi anigadi",
    "NotificationOptionInstallationFailed": "Diudvdi anadvnatisgisgi",
    "NotificationOptionPluginUninstalled": "Ditsigvhnidv anawvdisgisgi",
    "Albums": "Anigawidaniyv",
    "Application": "Didanvyi",
    "Artists": "Dinidaniyi",
    "AuthenticationSucceededWithUserName": "{0} Sesoquonisdi nagadani",
    "Books": "Didanedi",
    "CameraImageUploadedFrom": "Anigawidaniyv nasgi didagwalanvyi {0}",
    "Channels": "Diganadasgi",
    "Collections": "Diganadisgi",
    "Default": "Dinadi",
    "DeviceOfflineWithName": "{0} Aniyvolehvi nasgi",
    "External": "Amohdi",
    "Favorites": "Nvdayelvdisgi",
    "Folders": "Didanididisgi",
    "Forced": "Ganedi",
    "Genres": "Diganadisgi",
    "HeaderContinueWatching": "Uwoditsu asdanidisgisgi",
    "HeaderFavoriteArtists": "Dvganidi dinidanolisgisgi",
    "HeaderFavoriteEpisodes": "Dvganidi didanidilisgadisgisgi",
    "HeaderFavoriteShows": "Dvganidi didanididanolisgisgi)",
    "HeaderFavoriteSongs": "Dvganidi danodisgisgi",
    "HeaderNextUp": "Anidvli uwodoli",
    "HearingImpaired": "Anitsunidi talunidisgisgi",
    "ItemAddedWithName": "{0} Dinigwe anididanidisgi",
    "Latest": "Uwodoli",
    "MessageApplicationUpdated": "Tsenigwidinonvhi Jellyfin Server tsadanidigwe",
    "MessageServerConfigurationUpdated": "Sedanidvdi anigadi diganidinonvhi",
    "Music": "Danodisgisgi",
    "NameSeasonUnknown": "Tsunita anidvdisgi",
    "NewVersionIsAvailable": "Danodigwe anigadi Jellyfin Server tsadanidigwe adisdi uwodvdi diganidinonvhi.",
    "NotificationOptionApplicationUpdateAvailable": "Disisdi tsadanidigwe udvdi",
    "NotificationOptionApplicationUpdateInstalled": "Disisdi tsadanidigwe digawvdi",
    "NotificationOptionAudioPlaybackStopped": "Didanidigwe diganuyisgisgi digawvdi",
    "NotificationOptionCameraImageUploaded": "Asdayi adininisgisgi diganuyisgisgi",
    "NotificationOptionNewLibraryContent": "Danodisgisgi anigadi digawvdi",
    "NotificationOptionPluginError": "Ditsigvhnidv anadvnatisgisgi",
    "NotificationOptionPluginInstalled": "Ditsigvhnidv digawvdi"
}
