{
    "Albums": "Alben",
    "AppDeviceValues": "App: {0}, Gerät: {1}",
    "Application": "Anwendung",
    "Artists": "Interpreten",
    "AuthenticationSucceededWithUserName": "{0} erfolgreich authentifiziert",
    "Books": "Bücher",
    "CameraImageUploadedFrom": "Ein neues Kamerabild wurde von {0} hochgeladen",
    "Channels": "Kanäle",
    "ChapterNameValue": "Kapitel {0}",
    "Collections": "Sammlungen",
    "DeviceOfflineWithName": "{0} hat die Verbindung getrennt",
    "DeviceOnlineWithName": "{0} ist verbunden",
    "FailedLoginAttemptWithUserName": "Fehlgeschlagener Anmeldeversuch von {0}",
    "Favorites": "Favoriten",
    "Folders": "Verzeichnisse",
    "Genres": "Genres",
    "HeaderAlbumArtists": "Album-Interpreten",
    "HeaderContinueWatching": "Weiterschauen",
    "HeaderFavoriteAlbums": "Lieblingsalben",
    "HeaderFavoriteArtists": "Lieblingsinterpreten",
    "HeaderFavoriteEpisodes": "Lieblingsepisoden",
    "HeaderFavoriteShows": "Lieblingsserien",
    "HeaderFavoriteSongs": "Lieblingslieder",
    "HeaderLiveTV": "Live TV",
    "HeaderNextUp": "Als Nächstes",
    "HeaderRecordingGroups": "Aufnahme-Gruppen",
    "HomeVideos": "Heimvideos",
    "Inherit": "Vererben",
    "ItemAddedWithName": "{0} wurde der Bibliothek hinzugefügt",
    "ItemRemovedWithName": "{0} wurde aus der Bibliothek entfernt",
    "LabelIpAddressValue": "IP-Adresse: {0}",
    "LabelRunningTimeValue": "Laufzeit: {0}",
    "Latest": "Neueste",
    "MessageApplicationUpdated": "Jellyfin-Server wurde aktualisiert",
    "MessageApplicationUpdatedTo": "Jellyfin-Server wurde auf Version {0} aktualisiert",
    "MessageNamedServerConfigurationUpdatedWithValue": "Der Server-Einstellungsbereich {0} wurde aktualisiert",
    "MessageServerConfigurationUpdated": "Servereinstellungen wurden aktualisiert",
    "MixedContent": "Gemischte Inhalte",
    "Movies": "Filme",
    "Music": "Musik",
    "MusicVideos": "Musikvideos",
    "NameInstallFailed": "Installation von {0} fehlgeschlagen",
    "NameSeasonNumber": "Staffel {0}",
    "NameSeasonUnknown": "Staffel unbekannt",
    "NewVersionIsAvailable": "Eine neue Version von Jellyfin-Server steht zum Download bereit.",
    "NotificationOptionApplicationUpdateAvailable": "Anwendungsaktualisierung verfügbar",
    "NotificationOptionApplicationUpdateInstalled": "Anwendungsaktualisierung installiert",
    "NotificationOptionAudioPlayback": "Audiowiedergabe gestartet",
    "NotificationOptionAudioPlaybackStopped": "Audiowiedergabe gestoppt",
    "NotificationOptionCameraImageUploaded": "Foto hochgeladen",
    "NotificationOptionInstallationFailed": "Installation fehlgeschlagen",
    "NotificationOptionNewLibraryContent": "Neuer Inhalt hinzugefügt",
    "NotificationOptionPluginError": "Plugin-Fehler",
    "NotificationOptionPluginInstalled": "Plugin installiert",
    "NotificationOptionPluginUninstalled": "Plugin deinstalliert",
    "NotificationOptionPluginUpdateInstalled": "Pluginaktualisierung installiert",
    "NotificationOptionServerRestartRequired": "Serverneustart notwendig",
    "NotificationOptionTaskFailed": "Geplante Aufgabe fehlgeschlagen",
    "NotificationOptionUserLockedOut": "Benutzer ausgeschlossen",
    "NotificationOptionVideoPlayback": "Videowiedergabe gestartet",
    "NotificationOptionVideoPlaybackStopped": "Videowiedergabe gestoppt",
    "Photos": "Fotos",
    "Playlists": "Wiedergabelisten",
    "Plugin": "Plugin",
    "PluginInstalledWithName": "{0} wurde installiert",
    "PluginUninstalledWithName": "{0} wurde deinstalliert",
    "PluginUpdatedWithName": "{0} wurde aktualisiert",
    "ProviderValue": "Anbieter: {0}",
    "ScheduledTaskFailedWithName": "{0} ist fehlgeschlagen",
    "ScheduledTaskStartedWithName": "{0} wurde gestartet",
    "ServerNameNeedsToBeRestarted": "{0} muss neu gestartet werden",
    "Shows": "Serien",
    "Songs": "Lieder",
    "StartupEmbyServerIsLoading": "Jellyfin-Server startet, bitte versuche es gleich noch einmal.",
    "SubtitleDownloadFailureForItem": "Download der Untertitel fehlgeschlagen für {0}",
    "SubtitleDownloadFailureFromForItem": "Untertitel von {0} für {1} konnten nicht heruntergeladen werden",
    "Sync": "Synchronisation",
    "System": "System",
    "TvShows": "TV-Sendungen",
    "User": "Benutzer",
    "UserCreatedWithName": "Benutzer {0} wurde erstellt",
    "UserDeletedWithName": "Benutzer {0} wurde gelöscht",
    "UserDownloadingItemWithValues": "{0} lädt {1} herunter",
    "UserLockedOutWithName": "Benutzer {0} wurde ausgeschlossen",
    "UserOfflineFromDevice": "{0} wurde getrennt von {1}",
    "UserOnlineFromDevice": "{0} ist online von {1}",
    "UserPasswordChangedWithName": "Das Passwort für Benutzer {0} wurde geändert",
    "UserPolicyUpdatedWithName": "Benutzerrichtlinie von {0} wurde aktualisiert",
    "UserStartedPlayingItemWithValues": "{0} hat die Wiedergabe von {1} auf {2} gestartet",
    "UserStoppedPlayingItemWithValues": "{0} hat die Wiedergabe von {1} auf {2} beendet",
    "ValueHasBeenAddedToLibrary": "{0} wurde deiner Bibliothek hinzugefügt",
    "ValueSpecialEpisodeName": "Extra - {0}",
    "VersionNumber": "Version {0}",
    "TaskDownloadMissingSubtitlesDescription": "Suche im Internet basierend auf den Metadaten-Einstellungen nach fehlenden Untertiteln.",
    "TaskDownloadMissingSubtitles": "Lade fehlende Untertitel herunter",
    "TaskRefreshChannelsDescription": "Aktualisiere Internet-Kanal-Informationen.",
    "TaskRefreshChannels": "Aktualisiere Kanäle",
    "TaskCleanTranscodeDescription": "Löscht Transkodierdateien, die älter als einen Tag sind.",
    "TaskCleanTranscode": "Räume Transkodierungs-Verzeichnis auf",
    "TaskUpdatePluginsDescription": "Lädt Updates für Plugins herunter, welche für automatische Updates konfiguriert sind und installiert diese.",
    "TaskUpdatePlugins": "Aktualisiere Plugins",
    "TaskRefreshPeopleDescription": "Aktualisiert Metadaten für Schauspieler und Regisseure in deinen Bibliotheken.",
    "TaskRefreshPeople": "Aktualisiere Personen",
    "TaskCleanLogsDescription": "Lösche Log-Dateien, die älter als {0} Tage sind.",
    "TaskCleanLogs": "Räumt Log-Verzeichnis auf",
    "TaskRefreshLibraryDescription": "Scannt alle Bibliotheken nach neu hinzugefügten Dateien und aktualisiere Metadaten.",
    "TaskRefreshLibrary": "Scanne Medien-Bibliothek",
    "TaskRefreshChapterImagesDescription": "Erstellt Vorschaubilder für Videos, die Kapitel besitzen.",
    "TaskRefreshChapterImages": "Extrahiere Kapitel-Bilder",
    "TaskCleanCacheDescription": "Löscht nicht mehr benötigte Zwischenspeicherdateien.",
    "TaskCleanCache": "Leere Zwischenspeicher",
    "TasksChannelsCategory": "Internet-Kanäle",
    "TasksApplicationCategory": "Anwendung",
    "TasksLibraryCategory": "Bibliothek",
    "TasksMaintenanceCategory": "Wartung",
    "TaskCleanActivityLogDescription": "Löscht Aktivitätsprotokolleinträge, die älter als das konfigurierte Alter sind.",
    "TaskCleanActivityLog": "Aktivitätsprotokoll aufräumen",
    "Undefined": "Undefiniert",
    "Forced": "Erzwungen",
    "Default": "Standard",
    "TaskOptimizeDatabaseDescription": "Komprimiert die Datenbank und trimmt den freien Speicherplatz. Die Ausführung dieser Aufgabe nach dem Scannen der Bibliothek oder nach anderen Änderungen, die Datenbankänderungen implizieren, kann die Leistung verbessern.",
    "TaskOptimizeDatabase": "Datenbank optimieren",
    "TaskKeyframeExtractorDescription": "Extrahiert Keyframes aus Videodateien, um präzisere HLS-Playlisten zu erzeugen. Dieser Vorgang kann sehr lange dauern.",
    "TaskKeyframeExtractor": "Keyframe-Extraktor",
    "External": "Extern",
    "HearingImpaired": "Hörgeschädigt",
    "TaskRefreshTrickplayImages": "Trickplay-Bilder generieren",
    "TaskRefreshTrickplayImagesDescription": "Erstellt ein Trickplay-Vorschauen für Videos in aktivierten Bibliotheken.",
    "TaskCleanCollectionsAndPlaylists": "Sammlungen und Playlisten aufräumen",
    "TaskCleanCollectionsAndPlaylistsDescription": "Lösche nicht mehr vorhandene Einträge aus den Sammlungen und Playlisten.",
    "TaskAudioNormalization": "Audio Normalisierung",
    "TaskAudioNormalizationDescription": "Durchsucht Dateien nach Audionormalisierungsdaten.",
    "TaskDownloadMissingLyricsDescription": "Lädt Songtexte herunter",
    "TaskDownloadMissingLyrics": "Fehlende Songtexte herunterladen",
    "TaskExtractMediaSegments": "Scanne Mediensegmente",
    "TaskExtractMediaSegmentsDescription": "Extrahiert oder empfängt Mediensegmente von Plugins die Mediensegmente nutzen.",
    "TaskMoveTrickplayImages": "Verzeichnis für Trickplay-Bilder migrieren",
    "TaskMoveTrickplayImagesDescription": "Trickplay-Bilder werden entsprechend der Bibliothekseinstellungen verschoben."
}
