{
    "NotificationOptionInstallationFailed": "Instalada malsukceso",
    "NotificationOptionAudioPlaybackStopped": "Ludado de sono haltis",
    "NotificationOptionAudioPlayback": "Ludado de sono lanĉis",
    "NameSeasonUnknown": "Sezono Nekonata",
    "NameSeasonNumber": "Sezono {0}",
    "NameInstallFailed": "{0} instalado fiaskis",
    "Music": "Muziko",
    "Movies": "Filmoj",
    "ItemRemovedWithName": "{0} forigis el la plurmediteko",
    "ItemAddedWithName": "{0} aldonis al la plurmediteko",
    "HeaderLiveTV": "TV-etero",
    "HeaderContinueWatching": "Daŭrigi Spektadon",
    "HeaderAlbumArtists": "Artistoj de albumo",
    "Folders": "Dosierujoj",
    "DeviceOnlineWithName": "{0} estas konektita",
    "Default": "Defaŭlte",
    "Collections": "Kolektoj",
    "ChapterNameValue": "Ĉapitro {0}",
    "Channels": "Kanaloj",
    "Books": "Libroj",
    "Artists": "Artistoj",
    "Application": "Aplikaĵo",
    "AppDeviceValues": "Aplikaĵo: {0}, Aparato: {1}",
    "Albums": "Albumoj",
    "TasksLibraryCategory": "Plurmediteko",
    "VersionNumber": "Versio {0}",
    "UserDownloadingItemWithValues": "{0} elŝutas {1}",
    "UserCreatedWithName": "Uzanto {0} kreiĝis",
    "User": "Uzanto",
    "System": "Sistemo",
    "Songs": "Kantoj",
    "ScheduledTaskStartedWithName": "{0} lanĉis",
    "ScheduledTaskFailedWithName": "{0} malsukcesis",
    "PluginUninstalledWithName": "{0} malinstaliĝis",
    "PluginInstalledWithName": "{0} instaliĝis",
    "Plugin": "Kromprogramo",
    "Playlists": "Ludlistoj",
    "Photos": "Fotoj",
    "NotificationOptionPluginUninstalled": "Kromprogramo malinstaliĝis",
    "NotificationOptionNewLibraryContent": "Nova enhavo aldoniĝis",
    "NotificationOptionPluginInstalled": "Kromprogramo instaliĝis",
    "MusicVideos": "Muzikvideoj",
    "LabelIpAddressValue": "IP-adreso: {0}",
    "Genres": "Ĝenroj",
    "DeviceOfflineWithName": "{0} malkonektis",
    "HeaderFavoriteArtists": "Favorataj Artistoj",
    "Shows": "Serioj",
    "HeaderFavoriteShows": "Favorataj Serioj",
    "TvShows": "TV-serioj",
    "Favorites": "Favorataj",
    "TaskCleanLogs": "Purigi Ĵurnalan Katalogon",
    "TaskRefreshLibrary": "Skani Plurmeditekon",
    "ValueSpecialEpisodeName": "Speciala - {0}",
    "TaskOptimizeDatabase": "Optimumigi datenbazon",
    "TaskRefreshChannels": "Refreŝigi Kanalojn",
    "TaskUpdatePlugins": "Ĝisdatigi Kromprogramojn",
    "TaskRefreshPeople": "Refreŝigi Homojn",
    "TasksChannelsCategory": "Interretaj Kanaloj",
    "ProviderValue": "Provizanto: {0}",
    "NotificationOptionPluginError": "Kromprogramo malsukcesis",
    "MixedContent": "Miksita enhavo",
    "TasksApplicationCategory": "Aplikaĵo",
    "TasksMaintenanceCategory": "Prizorgado",
    "Undefined": "Nedifinita",
    "Sync": "Sinkronigo",
    "Latest": "Plej novaj",
    "Inherit": "Hereda",
    "HomeVideos": "Hejmaj Videoj",
    "HeaderNextUp": "Sekva Plue",
    "HeaderFavoriteSongs": "Favorataj Kantoj",
    "HeaderFavoriteEpisodes": "Favorataj Epizodoj",
    "HeaderFavoriteAlbums": "Favorataj Albumoj",
    "Forced": "Forcita",
    "ServerNameNeedsToBeRestarted": "{0} devas esti relanĉita",
    "NotificationOptionVideoPlayback": "La videoludado lanĉis",
    "NotificationOptionServerRestartRequired": "Servila relanĉigo bezonata",
    "TaskOptimizeDatabaseDescription": "Kompaktigas datenbazon kaj trunkas liberan lokon. Lanĉi ĉi tiun taskon post la plurmediteka skanado aŭ fari aliajn ŝanĝojn, kiuj implicas datenbazajn modifojn, povus plibonigi rendimenton.",
    "TaskUpdatePluginsDescription": "Elŝutas kaj instalas ĝisdatigojn por kromprogramojn, kiuj estas agorditaj por ĝisdatigi aŭtomate.",
    "TaskDownloadMissingSubtitlesDescription": "Serĉas en interreto mankantajn subtekstojn surbaze de metadatena agordaro.",
    "TaskRefreshPeopleDescription": "Ĝisdatigas metadatenojn por aktoroj kaj reĵisoroj en via plurmediteko.",
    "TaskCleanLogsDescription": "Forigas ĵurnalajn dosierojn aĝajn pli ol {0} tagojn.",
    "TaskRefreshLibraryDescription": "Skanas vian plurmeditekon por novaj dosieroj kaj refreŝigas metadatenaron.",
    "NewVersionIsAvailable": "Nova versio de Jellyfin Server estas elŝutebla.",
    "TaskCleanCacheDescription": "Forigas stapla dosierojn ne plu necesajn de la sistemo.",
    "TaskCleanActivityLogDescription": "Forigas aktivecan ĵurnalaĵojn pli malnovajn ol la agordita aĝo.",
    "TaskCleanTranscodeDescription": "Forigas transkodajn dosierojn aĝajn pli ol unu tagon.",
    "ValueHasBeenAddedToLibrary": "{0} estis aldonita al via plurmediteko",
    "SubtitleDownloadFailureFromForItem": "Subtekstoj malsukcesis elŝuti de {0} por {1}",
    "StartupEmbyServerIsLoading": "Jellyfin Server ŝarĝas. Provi denove baldaŭ.",
    "TaskRefreshChapterImagesDescription": "Kreas bildetojn por videoj kiuj havas ĉapitrojn.",
    "UserStoppedPlayingItemWithValues": "{0} finis ludi {1} ĉe {2}",
    "UserPolicyUpdatedWithName": "Uzanta politiko estis ĝisdatigita por {0}",
    "UserPasswordChangedWithName": "Pasvorto estis ŝanĝita por uzanto {0}",
    "UserStartedPlayingItemWithValues": "{0} ludas {1} ĉe {2}",
    "UserLockedOutWithName": "Uzanto {0} estas elŝlosita",
    "UserOnlineFromDevice": "{0} estas enreta de {1}",
    "UserOfflineFromDevice": "{0} malkonektis de {1}",
    "UserDeletedWithName": "Uzanto {0} estis forigita",
    "MessageServerConfigurationUpdated": "Servila agordaro estis ĝisdatigita",
    "MessageNamedServerConfigurationUpdatedWithValue": "Servila agorda sekcio {0} estis ĝisdatigita",
    "MessageApplicationUpdatedTo": "Jellyfin Server estis ĝisdatigita al {0}",
    "MessageApplicationUpdated": "Jellyfin Server estis ĝisdatigita",
    "TaskRefreshChannelsDescription": "Refreŝigas informon pri interretaj kanaloj.",
    "TaskDownloadMissingSubtitles": "Elŝuti mankantajn subtekstojn",
    "TaskCleanTranscode": "Malplenigi Transkodadan Katalogon",
    "TaskRefreshChapterImages": "Eltiri Ĉapitrajn Bildojn",
    "TaskCleanCache": "Malplenigi Staplan Katalogon",
    "TaskCleanActivityLog": "Malplenigi Aktivecan Ĵurnalon",
    "PluginUpdatedWithName": "{0} estis ĝisdatigita",
    "NotificationOptionVideoPlaybackStopped": "La videoludado haltis",
    "NotificationOptionUserLockedOut": "Uzanto ŝlosita",
    "NotificationOptionTaskFailed": "Planita tasko malsukcesis",
    "NotificationOptionPluginUpdateInstalled": "Ĝisdatigo de kromprogramo instalita",
    "NotificationOptionCameraImageUploaded": "Kamera bildo alŝutita",
    "NotificationOptionApplicationUpdateInstalled": "Aplikaĵa ĝisdatigo instalita",
    "NotificationOptionApplicationUpdateAvailable": "Ĝisdatigo de aplikaĵo havebla",
    "LabelRunningTimeValue": "Ludada tempo: {0}",
    "HeaderRecordingGroups": "Rikordadaj Grupoj",
    "FailedLoginAttemptWithUserName": "Malsukcesa ensaluta provo de {0}",
    "CameraImageUploadedFrom": "Nova kamera bildo estis alŝutita de {0}",
    "AuthenticationSucceededWithUserName": "{0} sukcese aŭtentikigis",
    "TaskKeyframeExtractorDescription": "Eltiras ĉefkadrojn el videodosieroj por krei pli precizajn HLS-ludlistojn. Ĉi tiu tasko povas funkcii dum longa tempo.",
    "TaskKeyframeExtractor": "Eltiri Ĉefkadrojn",
    "External": "Ekstera"
}
