{
    "Albums": "Álbumes",
    "AppDeviceValues": "Aplicación: {0}, Dispositivo: {1}",
    "Application": "Aplicación",
    "Artists": "Artistas",
    "AuthenticationSucceededWithUserName": "{0} autenticado correctamente",
    "Books": "Libros",
    "CameraImageUploadedFrom": "Se ha subido una nueva imagen por cámara desde {0}",
    "Channels": "Canales",
    "ChapterNameValue": "Capítulo {0}",
    "Collections": "Colecciones",
    "DeviceOfflineWithName": "{0} se ha desconectado",
    "DeviceOnlineWithName": "{0} está conectado",
    "FailedLoginAttemptWithUserName": "Intento fallido de inicio de sesión de {0}",
    "Favorites": "Favoritos",
    "Folders": "Carpetas",
    "Genres": "Géneros",
    "HeaderAlbumArtists": "Artistas del álbum",
    "HeaderContinueWatching": "Seguir viendo",
    "HeaderFavoriteAlbums": "Álbumes favoritos",
    "HeaderFavoriteArtists": "Artistas favoritos",
    "HeaderFavoriteEpisodes": "Episodios favoritos",
    "HeaderFavoriteShows": "Series favoritas",
    "HeaderFavoriteSongs": "Canciones favoritas",
    "HeaderLiveTV": "Televisión en directo",
    "HeaderNextUp": "Siguiente",
    "HeaderRecordingGroups": "Grupos de grabación",
    "HomeVideos": "Vídeos caseros",
    "Inherit": "Heredar",
    "ItemAddedWithName": "{0} se ha añadido a la biblioteca",
    "ItemRemovedWithName": "{0} ha sido eliminado de la biblioteca",
    "LabelIpAddressValue": "Dirección IP: {0}",
    "LabelRunningTimeValue": "Duración: {0}",
    "Latest": "Últimas",
    "MessageApplicationUpdated": "Se ha actualizado el servidor Jellyfin",
    "MessageApplicationUpdatedTo": "Se ha actualizado el servidor Jellyfin a la versión {0}",
    "MessageNamedServerConfigurationUpdatedWithValue": "La sección {0} de configuración del servidor ha sido actualizada",
    "MessageServerConfigurationUpdated": "Se ha actualizado la configuración del servidor",
    "MixedContent": "Contenido mixto",
    "Movies": "Películas",
    "Music": "Música",
    "MusicVideos": "Vídeos musicales",
    "NameInstallFailed": "{0} error de instalación",
    "NameSeasonNumber": "Temporada {0}",
    "NameSeasonUnknown": "Temporada desconocida",
    "NewVersionIsAvailable": "Disponible una nueva versión de Jellyfin para descargar.",
    "NotificationOptionApplicationUpdateAvailable": "Actualización de la aplicación disponible",
    "NotificationOptionApplicationUpdateInstalled": "Actualización de la aplicación instalada",
    "NotificationOptionAudioPlayback": "Se inició la reproducción de audio",
    "NotificationOptionAudioPlaybackStopped": "Se detuvo la reproducción de audio",
    "NotificationOptionCameraImageUploaded": "Imagen de la cámara cargada",
    "NotificationOptionInstallationFailed": "Error en la instalación",
    "NotificationOptionNewLibraryContent": "Nuevo contenido añadido",
    "NotificationOptionPluginError": "Error en plugin",
    "NotificationOptionPluginInstalled": "Plugin instalado",
    "NotificationOptionPluginUninstalled": "Plugin desinstalado",
    "NotificationOptionPluginUpdateInstalled": "Actualización del complemento instalada",
    "NotificationOptionServerRestartRequired": "Se requiere reinicio del servidor",
    "NotificationOptionTaskFailed": "Error de tarea programada",
    "NotificationOptionUserLockedOut": "Usuario bloqueado",
    "NotificationOptionVideoPlayback": "Se inició la reproducción de vídeo",
    "NotificationOptionVideoPlaybackStopped": "Reproducción de vídeo detenida",
    "Photos": "Fotos",
    "Playlists": "Listas de reproducción",
    "Plugin": "Plugin",
    "PluginInstalledWithName": "{0} se ha instalado",
    "PluginUninstalledWithName": "{0} se ha desinstalado",
    "PluginUpdatedWithName": "{0} se actualizó",
    "ProviderValue": "Proveedor: {0}",
    "ScheduledTaskFailedWithName": "{0} falló",
    "ScheduledTaskStartedWithName": "{0} iniciada",
    "ServerNameNeedsToBeRestarted": "{0} necesita ser reiniciado",
    "Shows": "Series",
    "Songs": "Canciones",
    "StartupEmbyServerIsLoading": "Jellyfin Server se está cargando. Vuelve a intentarlo en breve.",
    "SubtitleDownloadFailureForItem": "Error al descargar subtítulos para {0}",
    "SubtitleDownloadFailureFromForItem": "Fallo en la descarga de subtítulos desde {0} para {1}",
    "Sync": "Sincronizar",
    "System": "Sistema",
    "TvShows": "Series",
    "User": "Usuario",
    "UserCreatedWithName": "El usuario {0} ha sido creado",
    "UserDeletedWithName": "El usuario {0} ha sido borrado",
    "UserDownloadingItemWithValues": "{0} está descargando {1}",
    "UserLockedOutWithName": "El usuario {0} ha sido bloqueado",
    "UserOfflineFromDevice": "{0} se ha desconectado desde {1}",
    "UserOnlineFromDevice": "{0} está en línea desde {1}",
    "UserPasswordChangedWithName": "Se ha cambiado la contraseña para el usuario {0}",
    "UserPolicyUpdatedWithName": "Actualizada política de usuario para {0}",
    "UserStartedPlayingItemWithValues": "{0} está reproduciendo {1} en {2}",
    "UserStoppedPlayingItemWithValues": "{0} ha terminado de reproducir {1} en {2}",
    "ValueHasBeenAddedToLibrary": "{0} ha sido añadido a tu biblioteca multimedia",
    "ValueSpecialEpisodeName": "Especial - {0}",
    "VersionNumber": "Versión {0}",
    "TasksMaintenanceCategory": "Mantenimiento",
    "TasksLibraryCategory": "Biblioteca",
    "TasksApplicationCategory": "Aplicación",
    "TasksChannelsCategory": "Canales de internet",
    "TaskCleanCache": "Eliminar archivos temporales",
    "TaskCleanCacheDescription": "Elimina los archivos temporales que ya no son necesarios para el servidor.",
    "TaskRefreshChapterImages": "Extraer imágenes de los capítulos",
    "TaskRefreshChapterImagesDescription": "Crear miniaturas de los vídeos que tengan capítulos.",
    "TaskRefreshLibrary": "Escanear la biblioteca",
    "TaskRefreshLibraryDescription": "Añade los archivos que se hayan añadido a la biblioteca y actualiza las etiquetas de los ya presentes.",
    "TaskCleanLogs": "Limpiar registros",
    "TaskCleanLogsDescription": "Elimina los archivos de registro que tengan más de {0} días.",
    "TaskRefreshPeople": "Actualizar personas",
    "TaskRefreshPeopleDescription": "Actualiza las etiquetas de los actores y directores presentes en tus bibliotecas.",
    "TaskUpdatePlugins": "Actualizar extensiones",
    "TaskUpdatePluginsDescription": "Actualiza las extensiones que están configuradas para actualizarse automáticamente.",
    "TaskCleanTranscode": "Limpiar las transcodificaciones",
    "TaskCleanTranscodeDescription": "Elimina los archivos temporales de transcodificación anteriores a un día de antigüedad.",
    "TaskRefreshChannels": "Actualizar canales",
    "TaskRefreshChannelsDescription": "Actualiza la información de los canales de internet.",
    "TaskDownloadMissingSubtitles": "Descargar los subtítulos que faltan",
    "TaskDownloadMissingSubtitlesDescription": "Busca en internet los subtítulos que falten en el contenido de tus bibliotecas, basándose en la configuración de los metadatos.",
    "TaskCleanActivityLogDescription": "Elimina todos los registros de actividad anteriores a la fecha configurada.",
    "TaskCleanActivityLog": "Limpiar registro de actividad",
    "Undefined": "Indefinido",
    "Forced": "Forzado",
    "Default": "Predeterminado",
    "TaskOptimizeDatabase": "Optimizar la base de datos",
    "TaskOptimizeDatabaseDescription": "Optimiza y libera el espacio libre en la base de datos. Ejecutar esta tarea tras escanear la biblioteca o hacer cambios que impliquen modificaciones en la base de datos puede mejorar el rendimiento.",
    "TaskKeyframeExtractorDescription": "Extrae los fotogramas clave de los archivos de vídeo para crear listas HLS más precisas. Esta tarea puede tardar mucho tiempo.",
    "TaskKeyframeExtractor": "Extractor de Fotogramas Clave",
    "External": "Externo",
    "HearingImpaired": "Discapacidad Auditiva",
    "TaskRefreshTrickplayImages": "Generar miniaturas de línea de tiempo",
    "TaskRefreshTrickplayImagesDescription": "Crear miniaturas de tiempo para videos en las librerías habilitadas.",
    "TaskCleanCollectionsAndPlaylists": "Limpiar colecciones y listas de reproducción",
    "TaskCleanCollectionsAndPlaylistsDescription": "Elimina elementos de colecciones y listas de reproducción que ya no existen.",
    "TaskAudioNormalization": "Normalización de audio",
    "TaskAudioNormalizationDescription": "Escanear archivos para obtener datos de normalización.",
    "TaskDownloadMissingLyricsDescription": "Descargar letras para las canciones",
    "TaskDownloadMissingLyrics": "Descargar letras faltantes",
    "TaskMoveTrickplayImagesDescription": "Mueve archivos de trickplay existentes según la configuración de la biblioteca.",
    "TaskExtractMediaSegments": "Escaneo de segmentos de medios",
    "TaskExtractMediaSegmentsDescription": "Extrae u obtiene segmentos de medios de plugins habilitados para MediaSegment.",
    "TaskMoveTrickplayImages": "Migrar la ubicación de la imagen de Trickplay"
}
