{
    "Channels": "Canales",
    "Books": "Libros",
    "Albums": "Álbumes",
    "Collections": "Colecciones",
    "Artists": "Artistas",
    "DeviceOnlineWithName": "{0} está conectado",
    "DeviceOfflineWithName": "{0} se ha desconectado",
    "ChapterNameValue": "Capítulo {0}",
    "CameraImageUploadedFrom": "Se ha subido una nueva imagen de cámara desde {0}",
    "AuthenticationSucceededWithUserName": "{0} autenticado con éxito",
    "Application": "Aplicación",
    "AppDeviceValues": "App: {0}, Dispositivo: {1}",
    "HeaderContinueWatching": "Continuar Viendo",
    "HeaderAlbumArtists": "Artistas del álbum",
    "Genres": "Géneros",
    "Folders": "Carpetas",
    "Favorites": "Favoritos",
    "FailedLoginAttemptWithUserName": "Intento de inicio de sesión fallido desde {0}",
    "HeaderFavoriteSongs": "Canciones Favoritas",
    "HeaderFavoriteEpisodes": "Episodios Favoritos",
    "HeaderFavoriteArtists": "Artistas Favoritos",
    "External": "Externo",
    "Default": "Predeterminado",
    "Movies": "Películas",
    "MessageNamedServerConfigurationUpdatedWithValue": "La sección {0} de la configuración ha sido actualizada",
    "MixedContent": "Contenido mixto",
    "Music": "Música",
    "NotificationOptionCameraImageUploaded": "Imagen de la cámara subida",
    "NotificationOptionServerRestartRequired": "Se necesita reiniciar el servidor",
    "NotificationOptionVideoPlayback": "Reproducción de video iniciada",
    "Sync": "Sincronizar",
    "Shows": "Series",
    "UserDownloadingItemWithValues": "{0} está descargando {1}",
    "UserOfflineFromDevice": "{0} se ha desconectado desde {1}",
    "UserOnlineFromDevice": "{0} está en línea desde {1}",
    "TasksChannelsCategory": "Canales de Internet",
    "TaskRefreshChannelsDescription": "Actualiza la información de canales de Internet.",
    "TaskDownloadMissingSubtitles": "Descargar subtítulos faltantes",
    "TaskOptimizeDatabaseDescription": "Compacta la base de datos y libera espacio. Ejecutar esta tarea después de escanear la biblioteca o hacer otros cambios que impliquen modificaciones en la base de datos puede mejorar el rendimiento.",
    "TaskKeyframeExtractorDescription": "Extrae Fotogramas Clave de los archivos de vídeo para crear Listas de Reproducción HLS más precisas. Esta tarea puede durar mucho tiempo.",
    "TaskAudioNormalization": "Normalización de audio",
    "TaskAudioNormalizationDescription": "Escanear archivos para la normalización de data.",
    "TaskCleanCollectionsAndPlaylists": "Limpiar colecciones y listas de reproducción",
    "TaskCleanCollectionsAndPlaylistsDescription": "Remover elementos de colecciones y listas de reproducción que no existen.",
    "TvShows": "Series de TV",
    "UserStartedPlayingItemWithValues": "{0} está reproduciendo {1} en {2}",
    "TaskRefreshChannels": "Actualizar canales",
    "Photos": "Fotos",
    "HeaderFavoriteShows": "Programas favoritos",
    "TaskCleanActivityLog": "Limpiar registro de actividades",
    "UserPasswordChangedWithName": "Se ha cambiado la contraseña para el usuario {0}",
    "System": "Sistema",
    "User": "Usuario",
    "Forced": "Forzado",
    "PluginInstalledWithName": "{0} ha sido instalado",
    "HeaderFavoriteAlbums": "Álbumes favoritos",
    "TaskUpdatePlugins": "Actualizar Plugins",
    "Latest": "Recientes",
    "UserStoppedPlayingItemWithValues": "{0} ha terminado de reproducir {1} en {2}",
    "Songs": "Canciones",
    "NotificationOptionPluginError": "Falla de plugin",
    "ScheduledTaskStartedWithName": "{0} iniciado",
    "TasksApplicationCategory": "Aplicación",
    "UserDeletedWithName": "El usuario {0} ha sido eliminado",
    "TaskRefreshChapterImages": "Extraer imágenes de los capítulos",
    "TaskUpdatePluginsDescription": "Descarga e instala actualizaciones para plugins que están configurados para actualizarse automáticamente.",
    "TaskRefreshPeopleDescription": "Actualiza metadatos de actores y directores en tu biblioteca de medios.",
    "NotificationOptionUserLockedOut": "Usuario bloqueado",
    "TaskCleanTranscodeDescription": "Elimina archivos transcodificados que tengan más de un día.",
    "TaskCleanTranscode": "Limpiar el directorio de transcodificaciones",
    "NotificationOptionPluginUpdateInstalled": "Actualización de plugin instalada",
    "NotificationOptionAudioPlaybackStopped": "Reproducción de audio detenida",
    "TasksLibraryCategory": "Biblioteca",
    "NotificationOptionPluginInstalled": "Plugin instalado",
    "UserPolicyUpdatedWithName": "La política de usuario ha sido actualizada para {0}",
    "VersionNumber": "Versión {0}",
    "HeaderNextUp": "A continuación",
    "ValueHasBeenAddedToLibrary": "{0} se ha añadido a tu biblioteca",
    "LabelIpAddressValue": "Dirección IP: {0}",
    "NameSeasonNumber": "Temporada {0}",
    "NotificationOptionNewLibraryContent": "Nuevo contenido agregado",
    "Plugin": "Plugin",
    "NotificationOptionAudioPlayback": "Reproducción de audio iniciada",
    "NotificationOptionTaskFailed": "Falló la tarea programada",
    "LabelRunningTimeValue": "Tiempo en ejecución: {0}",
    "SubtitleDownloadFailureFromForItem": "Falló la descarga de subtítulos desde {0} para {1}",
    "TaskRefreshLibrary": "Escanear biblioteca de medios",
    "ServerNameNeedsToBeRestarted": "{0} debe ser reiniciado",
    "TasksMaintenanceCategory": "Mantenimiento",
    "ProviderValue": "Proveedor: {0}",
    "UserCreatedWithName": "El usuario {0} ha sido creado",
    "PluginUninstalledWithName": "{0} ha sido desinstalado",
    "ValueSpecialEpisodeName": "Especial - {0}",
    "ScheduledTaskFailedWithName": "{0} falló",
    "TaskCleanLogs": "Limpiar directorio de registros",
    "NameInstallFailed": "Falló la instalación de {0}",
    "UserLockedOutWithName": "El usuario {0} ha sido bloqueado",
    "TaskRefreshLibraryDescription": "Escanea tu biblioteca de medios para encontrar archivos nuevos y actualizar los metadatos.",
    "StartupEmbyServerIsLoading": "El servidor Jellyfin está cargando. Por favor, intente de nuevo en un momento.",
    "Playlists": "Listas de reproducción",
    "TaskDownloadMissingSubtitlesDescription": "Busca subtítulos faltantes en Internet basándose en la configuración de metadatos.",
    "MessageServerConfigurationUpdated": "Se ha actualizado la configuración del servidor",
    "TaskRefreshPeople": "Actualizar personas",
    "NotificationOptionVideoPlaybackStopped": "Reproducción de video detenida",
    "HeaderLiveTV": "TV en vivo",
    "NameSeasonUnknown": "Temporada desconocida",
    "NotificationOptionInstallationFailed": "Fallo de instalación",
    "NotificationOptionPluginUninstalled": "Plugin desinstalado",
    "TaskCleanCache": "Limpiar directorio caché",
    "TaskRefreshChapterImagesDescription": "Crea miniaturas para videos que tienen capítulos.",
    "Inherit": "Heredar",
    "HeaderRecordingGroups": "Grupos de grabación",
    "ItemAddedWithName": "{0} fue agregado a la biblioteca",
    "TaskOptimizeDatabase": "Optimizar base de datos",
    "TaskKeyframeExtractor": "Extractor de Fotogramas Clave",
    "HearingImpaired": "Discapacidad auditiva",
    "HomeVideos": "Videos caseros",
    "ItemRemovedWithName": "{0} fue removido de la biblioteca",
    "MessageApplicationUpdated": "El servidor Jellyfin ha sido actualizado",
    "MessageApplicationUpdatedTo": "El servidor Jellyfin ha sido actualizado a {0}",
    "MusicVideos": "Videos musicales",
    "NewVersionIsAvailable": "Una nueva versión de Jellyfin está disponible para descargar.",
    "PluginUpdatedWithName": "{0} ha sido actualizado",
    "Undefined": "Sin definir",
    "TaskCleanActivityLogDescription": "Elimina las entradas del registro de actividad anteriores al periodo configurado.",
    "TaskCleanCacheDescription": "Elimina archivos caché que ya no son necesarios para el sistema.",
    "TaskCleanLogsDescription": "Elimina archivos de registro con más de {0} días de antigüedad."
}
