{
    "ValueSpecialEpisodeName": "Berezia - {0}",
    "Sync": "Sinkronizatu",
    "Songs": "Abestiak",
    "Shows": "Serieak",
    "Playlists": "Erreprodukzio-zerrendak",
    "Photos": "Argazkiak",
    "MusicVideos": "Bideo musikalak",
    "Movies": "Filmak",
    "HeaderContinueWatching": "Ikusten jarraitu",
    "HeaderAlbumArtists": "Albumeko artistak",
    "Genres": "Generoak",
    "Folders": "Karpetak",
    "Favorites": "Gogokoak",
    "Default": "Lehenetsia",
    "Collections": "Bildumak",
    "Channels": "Kanalak",
    "Books": "Liburuak",
    "Artists": "Artistak",
    "Albums": "Albumak",
    "TaskOptimizeDatabase": "Datu basea optimizatu",
    "TaskDownloadMissingSubtitlesDescription": "Falta diren azpitituluak bilatzen ditu interneten metadatuen konfigurazioaren arabera.",
    "TaskDownloadMissingSubtitles": "Falta diren azpitituluak deskargatu",
    "TaskRefreshChannelsDescription": "Internet kanalen informazioa eguneratu.",
    "TaskRefreshChannels": "Kanalak eguneratu",
    "TaskCleanTranscodeDescription": "Egun bat baino zaharragoak diren transkodifikazio fitxategiak ezabatzen ditu.",
    "TaskCleanTranscode": "Transkodifikazio direktorioa garbitu",
    "TaskUpdatePluginsDescription": "Automatikoki deskargatu eta instalatu eguneraketak konfiguratutako pluginetarako.",
    "TaskUpdatePlugins": "Pluginak eguneratu",
    "TaskRefreshPeopleDescription": "Zure liburutegiko aktore eta zuzendarien metadatuak eguneratzen ditu.",
    "TaskRefreshPeople": "Jendea eguneratu",
    "TaskCleanLogsDescription": "{0} egun baino zaharragoak diren log fitxategiak ezabatzen ditu.",
    "TaskCleanLogs": "Log direktorioa garbitu",
    "TaskRefreshLibraryDescription": "Zure multimedia liburutegia eskaneatzen du fitxategi berriak eta metadatuak eguneratzeko.",
    "TaskRefreshLibrary": "Multimedia liburutegia eskaneatu",
    "TaskRefreshChapterImagesDescription": "Kapituluak dituzten bideoen miniaturak sortzen ditu.",
    "TaskRefreshChapterImages": "Kapituluen irudiak erauzi",
    "TaskCleanCacheDescription": "Sistemak behar ez dituen cache fitxategiak ezabatzen ditu.",
    "TaskCleanCache": "Cache direktorioa garbitu",
    "TaskCleanActivityLogDescription": "Konfiguratutako baino zaharragoak diren jarduera-log sarrerak ezabatzen ditu.",
    "TaskCleanActivityLog": "Erabilera Log-a garbitu",
    "TasksChannelsCategory": "Internet Kanalak",
    "TasksApplicationCategory": "Aplikazioa",
    "TasksLibraryCategory": "Liburutegia",
    "TasksMaintenanceCategory": "Mantenua",
    "VersionNumber": "Bertsioa {0}",
    "ValueHasBeenAddedToLibrary": "{0} zure multimedia liburutegian gehitu da",
    "UserStoppedPlayingItemWithValues": "{0} {1} ikusten bukatu du {2}-(e)n",
    "UserStartedPlayingItemWithValues": "{0} {1} ikusten ari da {2}-(e)n",
    "UserPolicyUpdatedWithName": "{0} erabiltzailearen politikak aldatu dira",
    "UserPasswordChangedWithName": "{0} erabiltzailearen pasahitza aldatu da",
    "UserOnlineFromDevice": "{0} online dago {1}-(e)tik",
    "UserOfflineFromDevice": "{0} {1}-(e)tik deskonektatu da",
    "UserLockedOutWithName": "{0} erabiltzailea blokeatu da",
    "UserDownloadingItemWithValues": "{0} {1} deskargatzen ari da",
    "UserDeletedWithName": "{0} Erabiltzailea ezabatu da",
    "UserCreatedWithName": "{0} Erabiltzailea sortu da",
    "User": "Erabiltzailea",
    "Undefined": "Ezezaguna",
    "TvShows": "TB serieak",
    "System": "Sistema",
    "SubtitleDownloadFailureFromForItem": "{1}-en azpitutuluak {0}-tik deskargatzeak huts egin du",
    "StartupEmbyServerIsLoading": "Jellyfin zerbitzaria kargatzen. Saiatu berriro beranduago.",
    "ServerNameNeedsToBeRestarted": "{0} berrabiarazi behar da",
    "ScheduledTaskStartedWithName": "{0} hasi da",
    "ScheduledTaskFailedWithName": "{0} huts egin du",
    "PluginUpdatedWithName": "{0} eguneratu da",
    "PluginUninstalledWithName": "{0} desinstalatu da",
    "PluginInstalledWithName": "{0} instalatu da",
    "Plugin": "Plugin",
    "NotificationOptionVideoPlaybackStopped": "Bideoa geldituta",
    "NotificationOptionVideoPlayback": "Bideoa martxan",
    "NotificationOptionUserLockedOut": "Erabiltzailea blokeatua",
    "NotificationOptionTaskFailed": "Programatutako atazak huts egin du",
    "NotificationOptionServerRestartRequired": "Zerbitzaria berrabiarazi behar da",
    "NotificationOptionPluginUpdateInstalled": "Pluginaren eguneraketa instalatua",
    "NotificationOptionPluginUninstalled": "Plugina desinstalatua",
    "NotificationOptionPluginInstalled": "Plugina instalatua",
    "NotificationOptionPluginError": "Pluginak huts egin du",
    "NotificationOptionNewLibraryContent": "Eduki berria gehitua",
    "NotificationOptionInstallationFailed": "Instalazioak huts egin du",
    "NotificationOptionCameraImageUploaded": "Kamerako irudia igota",
    "NotificationOptionAudioPlaybackStopped": "Audioa gelditua",
    "NotificationOptionAudioPlayback": "Audioa martxan",
    "NotificationOptionApplicationUpdateInstalled": "Aplikazioaren eguneraketa instalatua",
    "NotificationOptionApplicationUpdateAvailable": "Aplikazioaren eguneraketa eskuragarri",
    "NewVersionIsAvailable": "Jellyfin zerbitzariaren bertsio berria deskargatzeko eskuragarri dago.",
    "NameSeasonUnknown": "Denboraldi ezezaguna",
    "NameSeasonNumber": "{0} Denboraldia",
    "NameInstallFailed": "{0} instalazioak huts egin du",
    "Music": "Musika",
    "MixedContent": "Eduki mistoa",
    "MessageServerConfigurationUpdated": "Zerbitzariaren konfigurazioa eguneratu da",
    "MessageNamedServerConfigurationUpdatedWithValue": "Zerbitzariaren {0} konfigurazio atala eguneratu da",
    "MessageApplicationUpdatedTo": "Jellyfin zerbitzaria {0}-ra eguneratu da",
    "MessageApplicationUpdated": "Jellyfin zerbitzaria eguneratu da",
    "Latest": "Azkena",
    "LabelRunningTimeValue": "Iraupena: {0}",
    "LabelIpAddressValue": "IP helbidea: {0}",
    "ItemRemovedWithName": "{0} liburutegitik kendu da",
    "ItemAddedWithName": "{0} liburutegira gehitu da",
    "HomeVideos": "Etxeko bideoak",
    "HeaderNextUp": "Hurrengoa",
    "HeaderLiveTV": "Zuzeneko TB",
    "HeaderFavoriteSongs": "Gogoko abestiak",
    "HeaderFavoriteShows": "Gogoko serieak",
    "HeaderFavoriteEpisodes": "Gogoko atalak",
    "HeaderFavoriteArtists": "Gogoko artistak",
    "HeaderFavoriteAlbums": "Gogoko albumak",
    "Forced": "Behartuta",
    "FailedLoginAttemptWithUserName": "{0}-tik saioa hasteak huts egin du",
    "External": "Kanpokoa",
    "DeviceOnlineWithName": "{0} konektatu da",
    "DeviceOfflineWithName": "{0} deskonektatu da",
    "ChapterNameValue": "{0} Kapitulua",
    "CameraImageUploadedFrom": "{0}-tik kamera irudi berri bat igo da",
    "AuthenticationSucceededWithUserName": "{0} ongi autentifikatu da",
    "Application": "Aplikazioa",
    "AppDeviceValues": "App: {0}, Gailua: {1}",
    "HearingImpaired": "Entzumen urritasuna",
    "ProviderValue": "Hornitzailea: {0}",
    "TaskKeyframeExtractorDescription": "Bideo fitxategietako fotograma gakoak ateratzen ditu HLS erreprodukzio-zerrenda zehatzagoak sortzeko. Zeregin honek denbora asko iraun dezake.",
    "HeaderRecordingGroups": "Grabaketa taldeak",
    "Inherit": "Oinordetu",
    "TaskOptimizeDatabaseDescription": "Datu-basea trinkotu eta bertatik espazioa askatzen du. Liburutegia eskaneatu ondoren edo datu-basean aldaketak egin ondoren ataza hau exekutatzeak errendimendua hobetu lezake.",
    "TaskKeyframeExtractor": "Fotograma gakoen erauzgailua",
    "TaskRefreshTrickplayImages": "Trickplay irudiak sortu",
    "TaskRefreshTrickplayImagesDescription": "Bideoentzako trickplay aurrebistak sortzen ditu gaitutako liburutegietan.",
    "TaskAudioNormalization": "Audio normalizazioa",
    "TaskDownloadMissingLyrics": "Deskargatu falta diren letrak",
    "TaskDownloadMissingLyricsDescription": "Deskargatu abestientzako letrak",
    "TaskExtractMediaSegments": "Multimedia segmentuen eskaneoa",
    "TaskCleanCollectionsAndPlaylistsDescription": "Jada existitzen ez diren bildumak eta erreprodukzio-zerrendak kentzen ditu.",
    "TaskCleanCollectionsAndPlaylists": "Garbitu bildumak eta erreprodukzio-zerrendak",
    "TaskExtractMediaSegmentsDescription": "Media segmentuak atera edo lortzen ditu MediaSegment gaituta duten pluginetik.",
    "TaskMoveTrickplayImages": "Aldatu Trickplay irudien kokalekua",
    "TaskMoveTrickplayImagesDescription": "Lehendik dauden trickplay fitxategiak liburutegiaren ezarpenen arabera mugitzen dira.",
    "TaskAudioNormalizationDescription": "Audio normalizazio datuak lortzeko fitxategiak eskaneatzen ditu."
}
