{
    "Albums": "アルバム",
    "AppDeviceValues": "アプリ: {0}, デバイス: {1}",
    "Application": "アプリケーション",
    "Artists": "アーティスト",
    "AuthenticationSucceededWithUserName": "{0} 認証に成功しました",
    "Books": "ブック",
    "CameraImageUploadedFrom": "新しいカメライメージが {0}からアップロードされました",
    "Channels": "チャンネル",
    "ChapterNameValue": "チャプター {0}",
    "Collections": "コレクション",
    "DeviceOfflineWithName": "{0} が切断しました",
    "DeviceOnlineWithName": "{0} が接続しました",
    "FailedLoginAttemptWithUserName": "{0} からのログインに失敗しました",
    "Favorites": "お気に入り",
    "Folders": "フォルダー",
    "Genres": "ジャンル",
    "HeaderAlbumArtists": "アルバムアーティスト",
    "HeaderContinueWatching": "再生を続ける",
    "HeaderFavoriteAlbums": "お気に入りのアルバム",
    "HeaderFavoriteArtists": "お気に入りのアーティスト",
    "HeaderFavoriteEpisodes": "お気に入りのエピソード",
    "HeaderFavoriteShows": "お気に入りの番組",
    "HeaderFavoriteSongs": "お気に入りの曲",
    "HeaderLiveTV": "ライブTV",
    "HeaderNextUp": "次",
    "HeaderRecordingGroups": "レコーディンググループ",
    "HomeVideos": "ホームビデオ",
    "Inherit": "継承",
    "ItemAddedWithName": "{0} をライブラリーに追加しました",
    "ItemRemovedWithName": "{0} をライブラリーから削除しました",
    "LabelIpAddressValue": "IPアドレス: {0}",
    "LabelRunningTimeValue": "時間: {0}",
    "Latest": "最新",
    "MessageApplicationUpdated": "Jellyfin Server を更新しました",
    "MessageApplicationUpdatedTo": "Jellyfin Server を {0}に更新しました",
    "MessageNamedServerConfigurationUpdatedWithValue": "サーバー設定項目の {0} を更新しました",
    "MessageServerConfigurationUpdated": "サーバー設定を更新しました",
    "MixedContent": "ミックスコンテンツ",
    "Movies": "映画",
    "Music": "音楽",
    "MusicVideos": "ミュージックビデオ",
    "NameInstallFailed": "{0}のインストールに失敗しました",
    "NameSeasonNumber": "シーズン {0}",
    "NameSeasonUnknown": "シーズン不明",
    "NewVersionIsAvailable": "新しいバージョンの Jellyfin Server がダウンロード可能です。",
    "NotificationOptionApplicationUpdateAvailable": "アプリケーションの更新があります",
    "NotificationOptionApplicationUpdateInstalled": "アプリケーションは最新です",
    "NotificationOptionAudioPlayback": "オーディオの再生を開始",
    "NotificationOptionAudioPlaybackStopped": "オーディオの再生をストップしました",
    "NotificationOptionCameraImageUploaded": "カメライメージがアップロードされました",
    "NotificationOptionInstallationFailed": "インストール失敗",
    "NotificationOptionNewLibraryContent": "新しいコンテンツを追加しました",
    "NotificationOptionPluginError": "プラグインに障害が発生しました",
    "NotificationOptionPluginInstalled": "プラグインがインストールされました",
    "NotificationOptionPluginUninstalled": "プラグインがアンインストールされました",
    "NotificationOptionPluginUpdateInstalled": "プラグインのアップデートをインストールしました",
    "NotificationOptionServerRestartRequired": "サーバーを再起動してください",
    "NotificationOptionTaskFailed": "スケジュールされていたタスクの失敗",
    "NotificationOptionUserLockedOut": "ユーザーはロックされています",
    "NotificationOptionVideoPlayback": "ビデオの再生を開始しました",
    "NotificationOptionVideoPlaybackStopped": "ビデオを停止しました",
    "Photos": "フォト",
    "Playlists": "プレイリスト",
    "Plugin": "プラグイン",
    "PluginInstalledWithName": "{0} がインストールされました",
    "PluginUninstalledWithName": "{0} がアンインストールされました",
    "PluginUpdatedWithName": "{0} が更新されました",
    "ProviderValue": "プロバイダ: {0}",
    "ScheduledTaskFailedWithName": "{0} が失敗しました",
    "ScheduledTaskStartedWithName": "{0} が開始されました",
    "ServerNameNeedsToBeRestarted": "{0} を再起動してください",
    "Shows": "番組",
    "Songs": "曲",
    "StartupEmbyServerIsLoading": "Jellyfin Server は現在読み込み中です。しばらくしてからもう一度お試しください。",
    "SubtitleDownloadFailureFromForItem": "{0} から {1}の字幕のダウンロードに失敗しました",
    "Sync": "同期",
    "System": "システム",
    "TvShows": "テレビ番組",
    "User": "ユーザー",
    "UserCreatedWithName": "ユーザー {0} が作成されました",
    "UserDeletedWithName": "User {0} を削除しました",
    "UserDownloadingItemWithValues": "{0} が {1} をダウンロードしています",
    "UserLockedOutWithName": "ユーザー {0} はロックされています",
    "UserOfflineFromDevice": "{0} は {1} から切断しました",
    "UserOnlineFromDevice": "{0} は {1} からオンラインになりました",
    "UserPasswordChangedWithName": "ユーザー {0} のパスワードは変更されました",
    "UserPolicyUpdatedWithName": "ユーザーポリシーが{0}に更新されました",
    "UserStartedPlayingItemWithValues": "{0} は {2}で{1} を再生しています",
    "UserStoppedPlayingItemWithValues": "{0} は{2}で{1} の再生が終わりました",
    "ValueHasBeenAddedToLibrary": "{0} をメディアライブラリーに追加しました",
    "ValueSpecialEpisodeName": "スペシャル - {0}",
    "VersionNumber": "バージョン {0}",
    "TaskCleanLogsDescription": "{0} 日以上前のログを消去します。",
    "TaskCleanLogs": "ログの掃除",
    "TaskRefreshLibraryDescription": "メディアライブラリーをスキャンして、新しいファイルを探し、メタデータを更新します。",
    "TaskRefreshLibrary": "メディアライブラリーをスキャン",
    "TaskCleanCacheDescription": "不要なキャッシュを消去します。",
    "TaskCleanCache": "キャッシュを消去",
    "TasksChannelsCategory": "ネットチャンネル",
    "TasksApplicationCategory": "アプリケーション",
    "TasksLibraryCategory": "ライブラリー",
    "TasksMaintenanceCategory": "メンテナンス",
    "TaskRefreshChannelsDescription": "ネットチャンネルの情報を更新する。",
    "TaskRefreshChannels": "チャンネルの更新",
    "TaskCleanTranscodeDescription": "1日以上経過したトランスコードファイルを削除します。",
    "TaskCleanTranscode": "トランスコードディレクトリの削除",
    "TaskUpdatePluginsDescription": "自動更新可能なプラグインのアップデートをダウンロードしてインストールします。",
    "TaskUpdatePlugins": "プラグインの更新",
    "TaskRefreshPeopleDescription": "メディアライブラリー内の俳優や監督のメタデータを更新します。",
    "TaskRefreshPeople": "俳優や監督のデータの更新",
    "TaskDownloadMissingSubtitlesDescription": "メタデータ構成に基づいて、欠落している字幕をインターネットで検索する。",
    "TaskRefreshChapterImagesDescription": "チャプターのあるビデオのサムネイルを作成します。",
    "TaskRefreshChapterImages": "チャプター画像を抽出する",
    "TaskDownloadMissingSubtitles": "不足している字幕をダウンロードする",
    "TaskCleanActivityLogDescription": "設定された期間よりも古いアクティビティの履歴を削除します。",
    "TaskCleanActivityLog": "アクティビティの履歴を消去",
    "Undefined": "未定義",
    "Forced": "強制",
    "Default": "デフォルト",
    "TaskOptimizeDatabaseDescription": "データベースをコンパクトにして、空き領域を切り詰めます。メディアライブラリーのスキャンやその他のデータベースの更新を伴う変更の後でこのタスクを実行すると、パフォーマンスが向上します。",
    "TaskOptimizeDatabase": "データベースの最適化",
    "TaskKeyframeExtractorDescription": "より正確なHLSプレイリストを作成するため、動画ファイルからキーフレームを抽出する。この処理には時間がかかる場合があります。",
    "TaskKeyframeExtractor": "キーフレーム抽出",
    "External": "外部",
    "HearingImpaired": "聴覚障害の方",
    "TaskRefreshTrickplayImages": "トリックプレー画像を生成",
    "TaskRefreshTrickplayImagesDescription": "有効なライブラリ内のビデオをもとにトリックプレーのプレビューを生成します。",
    "TaskCleanCollectionsAndPlaylists": "コレクションとプレイリストをクリーンアップ",
    "TaskAudioNormalization": "音声の正規化",
    "TaskAudioNormalizationDescription": "音声の正規化データのためにファイルをスキャンします。",
    "TaskCleanCollectionsAndPlaylistsDescription": "在しなくなったコレクションやプレイリストからアイテムを削除します。",
    "TaskDownloadMissingLyricsDescription": "歌詞をダウンロード",
    "TaskExtractMediaSegments": "メディアセグメントを読み取る",
    "TaskMoveTrickplayImages": "Trickplayの画像を移動",
    "TaskMoveTrickplayImagesDescription": "ライブラリ設定によりTrickplayのファイルを移動。",
    "TaskDownloadMissingLyrics": "失われた歌詞をダウンロード",
    "TaskExtractMediaSegmentsDescription": "MediaSegment 対応プラグインからメディア セグメントを抽出または取得します。"
}
