{
    "ServerNameNeedsToBeRestarted": "{0} ir vajadzīgs restarts",
    "NotificationOptionTaskFailed": "Plānota uzdevuma kļūme",
    "HeaderRecordingGroups": "Ierakstu grupas",
    "UserPolicyUpdatedWithName": "Lietotāju politika atjaunota priekš {0}",
    "SubtitleDownloadFailureFromForItem": "Subtitru lejupielāde no {0} priekš {1} neizdevās",
    "NotificationOptionVideoPlaybackStopped": "Video atskaņošana apturēta",
    "NotificationOptionVideoPlayback": "Video atskaņošana sākta",
    "NotificationOptionInstallationFailed": "Instalācija neizdevās",
    "AuthenticationSucceededWithUserName": "{0} veiksmīgi autentificējies",
    "ValueSpecialEpisodeName": "Speciālais - {0}",
    "ScheduledTaskStartedWithName": "{0} iesākts",
    "ScheduledTaskFailedWithName": "{0} neizdevās",
    "Photos": "Attēli",
    "NotificationOptionUserLockedOut": "Lietotājs bloķēts",
    "LabelRunningTimeValue": "Garums: {0}",
    "Inherit": "Pārmantot",
    "AppDeviceValues": "Lietotne: {0}, Ierīce: {1}",
    "VersionNumber": "Versija {0}",
    "ValueHasBeenAddedToLibrary": "{0} tika pievienots jūsu multvides bibliotēkai",
    "UserStoppedPlayingItemWithValues": "{0} ir beidzis atskaņot {1} uz {2}",
    "UserStartedPlayingItemWithValues": "{0} atskaņo {1} uz {2}",
    "UserPasswordChangedWithName": "Lietotāja {0} parole tika nomainīta",
    "UserOnlineFromDevice": "{0} ir tiešsaistē no {1}",
    "UserOfflineFromDevice": "{0} ir atvienojies no {1}",
    "UserLockedOutWithName": "Lietotājs {0} ir ticis bloķēts",
    "UserDownloadingItemWithValues": "{0} lejupielādē {1}",
    "UserDeletedWithName": "Lietotājs {0} ir izdzēsts",
    "UserCreatedWithName": "Lietotājs {0} ir ticis izveidots",
    "User": "Lietotājs",
    "TvShows": "TV raidījumi",
    "Sync": "Sinhronizācija",
    "System": "Sistēma",
    "StartupEmbyServerIsLoading": "Jellyfin Serveris lādējas. Lūdzu mēģiniet vēlreiz pēc brīža.",
    "Songs": "Dziesmas",
    "Shows": "Šovi",
    "PluginUpdatedWithName": "{0} tika atjaunots",
    "PluginUninstalledWithName": "{0} tika noņemts",
    "PluginInstalledWithName": "{0} tika uzstādīts",
    "Plugin": "Paplašinājums",
    "Playlists": "Atskaņošanas saraksti",
    "MixedContent": "Jaukts saturs",
    "HomeVideos": "Mājas video",
    "HeaderNextUp": "Nākamais",
    "ChapterNameValue": "{0}. nodaļa",
    "Application": "Lietotne",
    "NotificationOptionServerRestartRequired": "Nepieciešams servera restarts",
    "NotificationOptionPluginUpdateInstalled": "Paplašinājuma atjauninājums uzstādīts",
    "NotificationOptionPluginUninstalled": "Paplašinājums noņemts",
    "NotificationOptionPluginInstalled": "Paplašinājums uzstādīts",
    "NotificationOptionPluginError": "Paplašinājuma kļūda",
    "NotificationOptionNewLibraryContent": "Jauns saturs pievienots",
    "NotificationOptionCameraImageUploaded": "Kameras attēls augšupielādēts",
    "NotificationOptionAudioPlaybackStopped": "Audio atskaņošana apturēta",
    "NotificationOptionAudioPlayback": "Audio atskaņošana sākta",
    "NotificationOptionApplicationUpdateInstalled": "Lietotnes atjauninājums uzstādīts",
    "NotificationOptionApplicationUpdateAvailable": "Lietotnes atjauninājums pieejams",
    "NewVersionIsAvailable": "Lejupielādei ir pieejama jauna Jellyfin Server versija.",
    "NameSeasonUnknown": "Nezināma sezona",
    "NameSeasonNumber": "{0}. sezona",
    "NameInstallFailed": "{0} instalācija neizdevās",
    "MusicVideos": "Mūzikas video",
    "Music": "Mūzika",
    "Movies": "Filmas",
    "MessageServerConfigurationUpdated": "Servera konfigurācija ir tikusi atjaunota",
    "MessageNamedServerConfigurationUpdatedWithValue": "Servera konfigurācijas sadaļa {0} tika atjaunota",
    "MessageApplicationUpdatedTo": "Jellyfin Server ir ticis atjaunots uz {0}",
    "MessageApplicationUpdated": "Jellyfin Server ir ticis atjaunots",
    "Latest": "Jaunākais",
    "LabelIpAddressValue": "IP adrese: {0}",
    "ItemRemovedWithName": "{0} tika noņemts no bibliotēkas",
    "ItemAddedWithName": "{0} tika pievienots bibliotēkai",
    "HeaderLiveTV": "Tiešraides TV",
    "HeaderContinueWatching": "Turpini skatīties",
    "HeaderAlbumArtists": "Albumu izpildītāji",
    "Genres": "Žanri",
    "Folders": "Mapes",
    "Favorites": "Izlase",
    "FailedLoginAttemptWithUserName": "Neizdevies ieiešanas mēģinājums no {0}",
    "DeviceOnlineWithName": "Savienojums ar {0} ir izveidots",
    "DeviceOfflineWithName": "Savienojums ar {0} ir pārtraukts",
    "Collections": "Kolekcijas",
    "Channels": "Kanāli",
    "CameraImageUploadedFrom": "Jauns kameras attēls tika augšupielādēts no {0}",
    "Books": "Grāmatas",
    "Artists": "Izpildītāji",
    "Albums": "Albumi",
    "ProviderValue": "Provider: {0}",
    "HeaderFavoriteSongs": "Dziesmu izlase",
    "HeaderFavoriteShows": "Raidījumu izlase",
    "HeaderFavoriteEpisodes": "Sēriju izlase",
    "HeaderFavoriteArtists": "Izpildītāju izlase",
    "HeaderFavoriteAlbums": "Albumu izlase",
    "TaskCleanCacheDescription": "Nodzēš kešatmiņas datnes, kas vairs nav sistēmai vajadzīgas.",
    "TaskRefreshChapterImages": "Izvilkt nodaļu attēlus",
    "TasksApplicationCategory": "Lietotne",
    "TasksLibraryCategory": "Bibliotēka",
    "TaskDownloadMissingSubtitlesDescription": "Meklē internetā trūkstošos subtitrus, pamatojoties uz metadatu konfigurāciju.",
    "TaskDownloadMissingSubtitles": "Lejupielādēt trūkstošos subtitrus",
    "TaskRefreshChannelsDescription": "Atjauno interneta kanālu informāciju.",
    "TaskRefreshChannels": "Atjaunot kanālus",
    "TaskCleanTranscodeDescription": "Izdzēš transkodēšanas datnes, kas ir senākas par vienu dienu.",
    "TaskCleanTranscode": "Iztīrīt transkodēšanas mapi",
    "TaskUpdatePluginsDescription": "Lejupielādē un uzstāda atjauninājumus paplašinājumiem, kam ir uzstādīta automātiskā atjaunināšana.",
    "TaskUpdatePlugins": "Atjaunot paplašinājumus",
    "TaskRefreshPeopleDescription": "Atjauno metadatus aktieriem un direktoriem jūsu multivides bibliotēkā.",
    "TaskRefreshPeople": "Atjaunot cilvēkus",
    "TaskCleanLogsDescription": "Nodzēš žurnāla ierakstus, kas ir senāki par {0} dienām.",
    "TaskCleanLogs": "Iztīrīt žurnālu mapi",
    "TaskRefreshLibraryDescription": "Skenē jūsu multivides bibliotēku, lai atrastu jaunas datnes, un atsvaidzina metadatus.",
    "TaskRefreshLibrary": "Skenēt multivides bibliotēku",
    "TaskRefreshChapterImagesDescription": "Izveido sīktēlus priekš video ar sadaļām.",
    "TaskCleanCache": "Iztīrīt kešatmiņas mapi",
    "TasksChannelsCategory": "Interneta kanāli",
    "TasksMaintenanceCategory": "Apkope",
    "Forced": "Piespiedu",
    "TaskCleanActivityLogDescription": "Nodzēš darbību žurnāla ierakstus, kuri ir vecāki par doto vecumu.",
    "TaskCleanActivityLog": "Notīrīt darbību žurnālu",
    "Undefined": "Nenoteikts",
    "Default": "Noklusējuma",
    "TaskOptimizeDatabaseDescription": "Saspiež datubāzi un atbrīvo atmiņu. Šī uzdevuma palaišana pēc bibliotēku skenēšanas vai citām, ar datubāzi saistītām, izmaiņām iespējams uzlabos ātrdarbību.",
    "TaskOptimizeDatabase": "Optimizēt datubāzi",
    "External": "Ārējais",
    "HearingImpaired": "Ar dzirdes traucējumiem",
    "TaskKeyframeExtractor": "Atslēgkadru ekstraktors",
    "TaskKeyframeExtractorDescription": "Izvelk atslēgkadrus no video failiem lai izveidotu precīzākus HLS atskaņošanas sarakstus. Šis process var būt ilgs.",
    "TaskRefreshTrickplayImages": "Ģenerēt partīšanas attēlus",
    "TaskRefreshTrickplayImagesDescription": "Izveido priekšskatījumus videoklipu pārtīšanai iespējotajās bibliotēkās.",
    "TaskAudioNormalization": "Audio normalizācija",
    "TaskCleanCollectionsAndPlaylistsDescription": "Noņem vairs neeksistējošus vienumus no kolekcijām un atskaņošanas sarakstiem.",
    "TaskAudioNormalizationDescription": "Skanē failus priekš audio normālizācijas informācijas.",
    "TaskCleanCollectionsAndPlaylists": "Notīrīt kolekcijas un atskaņošanas sarakstus",
    "TaskExtractMediaSegments": "Multivides segmenta skenēšana",
    "TaskExtractMediaSegmentsDescription": "Izvelk vai iegūst multivides segmentus no MediaSegment iespējotiem spraudņiem.",
    "TaskMoveTrickplayImages": "Trickplay attēlu pārvietošana",
    "TaskMoveTrickplayImagesDescription": "Pārvieto esošos trickplay failus atbilstoši bibliotēkas iestatījumiem.",
    "TaskDownloadMissingLyrics": "Lejupielādēt trūkstošos vārdus",
    "TaskDownloadMissingLyricsDescription": "Lejupielādēt vārdus dziesmām"
}
