{
    "Albums": "Album",
    "AppDeviceValues": "Apl: {0}, Peranti: {1}",
    "Application": "Aplikasi",
    "Artists": "Artis-artis",
    "AuthenticationSucceededWithUserName": "{0} berjaya disahkan",
    "Books": "Buku-buku",
    "CameraImageUploadedFrom": "Gambar baharu telah dimuat naik melalui {0}",
    "Channels": "Saluran",
    "ChapterNameValue": "Bab {0}",
    "Collections": "Koleksi",
    "DeviceOfflineWithName": "{0} telah diputuskan sambungan",
    "DeviceOnlineWithName": "{0} telah disambung",
    "FailedLoginAttemptWithUserName": "Percubaan log masuk daripada {0} gagal",
    "Favorites": "Kegemaran",
    "Folders": "Fail-fail",
    "Genres": "Genre-genre",
    "HeaderAlbumArtists": "Album Artis-artis",
    "HeaderContinueWatching": "Terus Menonton",
    "HeaderFavoriteAlbums": "Album-album Kegemaran",
    "HeaderFavoriteArtists": "Artis-artis Kegemaran",
    "HeaderFavoriteEpisodes": "Episod-episod Kegemaran",
    "HeaderFavoriteShows": "Rancangan-rancangan Kegemaran",
    "HeaderFavoriteSongs": "Lagu-lagu Kegemaran",
    "HeaderLiveTV": "TV Siaran Langsung",
    "HeaderNextUp": "Seterusnya",
    "HeaderRecordingGroups": "Kumpulan-kumpulan Rakaman",
    "HomeVideos": "Video Personal",
    "Inherit": "Mewarisi",
    "ItemAddedWithName": "{0} telah ditambahkan ke dalam pustaka",
    "ItemRemovedWithName": "{0} telah dibuang daripada pustaka",
    "LabelIpAddressValue": "Alamat IP: {0}",
    "LabelRunningTimeValue": "Masa berjalan: {0}",
    "Latest": "Terbaru",
    "MessageApplicationUpdated": "Jellyfin Server telah dikemas kini",
    "MessageApplicationUpdatedTo": "Jellyfin Server telah dikemas kini ke {0}",
    "MessageNamedServerConfigurationUpdatedWithValue": "Konfigurasi pelayan di bahagian {0} telah dikemas kini",
    "MessageServerConfigurationUpdated": "Konfigurasi pelayan telah dikemas kini",
    "MixedContent": "Kandungan campuran",
    "Movies": "Filem-filem",
    "Music": "Muzik",
    "MusicVideos": "Video Muzik",
    "NameInstallFailed": "{0} pemasangan gagal",
    "NameSeasonNumber": "Musim {0}",
    "NameSeasonUnknown": "Musim Tidak Diketahui",
    "NewVersionIsAvailable": "Versi terbaru Jellyfin Server bersedia untuk dimuat turunkan.",
    "NotificationOptionApplicationUpdateAvailable": "Kemas kini aplikasi telah sedia",
    "NotificationOptionApplicationUpdateInstalled": "Kemas kini aplikasi telah dipasang",
    "NotificationOptionAudioPlayback": "Ulangmain audio bermula",
    "NotificationOptionAudioPlaybackStopped": "Ulangmain audio dihentikan",
    "NotificationOptionCameraImageUploaded": "Imej kamera telah dimuatnaik",
    "NotificationOptionInstallationFailed": "Pemasangan gagal",
    "NotificationOptionNewLibraryContent": "Kandungan baru telah ditambah",
    "NotificationOptionPluginError": "Kegagalan plugin",
    "NotificationOptionPluginInstalled": "Plugin telah dipasang",
    "NotificationOptionPluginUninstalled": "Plugin telah dinyahpasang",
    "NotificationOptionPluginUpdateInstalled": "Kemaskini plugin telah dipasang",
    "NotificationOptionServerRestartRequired": "Perlu mulakan semula server",
    "NotificationOptionTaskFailed": "Kegagalan tugas berjadual",
    "NotificationOptionUserLockedOut": "Pengguna telah dikunci",
    "NotificationOptionVideoPlayback": "Ulangmain video bermula",
    "NotificationOptionVideoPlaybackStopped": "Ulangmain video dihentikan",
    "Photos": "Gambar-gambar",
    "Playlists": "Senarai ulangmain",
    "Plugin": "Plugin",
    "PluginInstalledWithName": "{0} telah dipasang",
    "PluginUninstalledWithName": "{0} telah dinyahpasang",
    "PluginUpdatedWithName": "{0} telah dikemaskini",
    "ProviderValue": "Pembekal: {0}",
    "ScheduledTaskFailedWithName": "{0} gagal",
    "ScheduledTaskStartedWithName": "{0} bermula",
    "ServerNameNeedsToBeRestarted": "{0} perlu di ulangmula",
    "Shows": "Tayangan",
    "Songs": "Lagu-lagu",
    "StartupEmbyServerIsLoading": "Pelayan Jellyfin sedang dimuatkan. Sila cuba sebentar lagi.",
    "SubtitleDownloadFailureForItem": "Subtitles failed to download for {0}",
    "SubtitleDownloadFailureFromForItem": "Muat turun sarikata gagal dari {0} untuk {1}",
    "Sync": "Segerak",
    "System": "Sistem",
    "TvShows": "Tayangan TV",
    "User": "Pengguna",
    "UserCreatedWithName": "Pengguna {0} telah diwujudkan",
    "UserDeletedWithName": "Pengguna {0} telah dipadamkan",
    "UserDownloadingItemWithValues": "{0} sedang memuat turun {1}",
    "UserLockedOutWithName": "Pengguna {0} telah dikunci",
    "UserOfflineFromDevice": "{0} telah terputus dari {1}",
    "UserOnlineFromDevice": "{0} berada dalam talian dari {1}",
    "UserPasswordChangedWithName": "Kata laluan telah ditukar bagi pengguna {0}",
    "UserPolicyUpdatedWithName": "Dasar pengguna telah dikemas kini untuk {0}",
    "UserStartedPlayingItemWithValues": "{0} sedang dimainkan {1} pada {2}",
    "UserStoppedPlayingItemWithValues": "{0} telah tamat dimainkan {1} pada {2}",
    "ValueHasBeenAddedToLibrary": "{0} telah ditambah ke media library anda",
    "ValueSpecialEpisodeName": "Khas - {0}",
    "VersionNumber": "Versi {0}",
    "TaskCleanActivityLog": "Log Aktiviti Bersih",
    "TasksChannelsCategory": "Saluran Internet",
    "TasksApplicationCategory": "Aplikasi",
    "TasksLibraryCategory": "Perpustakaan",
    "TasksMaintenanceCategory": "Penyelenggaraan",
    "Undefined": "Tidak ditentukan",
    "Forced": "Paksa",
    "Default": "Asal",
    "TaskCleanCache": "Bersihkan Direktori Cache",
    "TaskCleanActivityLogDescription": "Padamkan entri log aktiviti yang lebih tua daripada usia yang dikonfigurasi.",
    "TaskRefreshPeople": "Segarkan Orang",
    "TaskCleanLogsDescription": "Padamkan fail log yang berumur lebih dari {0} hari.",
    "TaskCleanLogs": "Bersihkan Direktotri Log",
    "TaskRefreshLibraryDescription": "Imbas perpustakaan media untuk mencari fail-fail baru dan menyegarkan metadata.",
    "TaskRefreshLibrary": "Imbas Perpustakaan Media",
    "TaskRefreshChapterImagesDescription": "Membuat gambaran kecil untuk video yang mempunyai bab.",
    "TaskRefreshChapterImages": "Ekstrak Gambar-gambar Bab",
    "TaskCleanCacheDescription": "Menghapuskan fail cache yang tidak lagi diperlukan oleh sistem.",
    "HearingImpaired": "Lemah Pendengaran",
    "TaskRefreshPeopleDescription": "Kemas kini metadata untuk pelakon dan pengarah di dalam perpustakaan media.",
    "TaskUpdatePluginsDescription": "Muat turun dan kemas kini plugin yang dikonfigurasi secara automatik.",
    "TaskDownloadMissingSubtitlesDescription": "Cari sari kata yang hilang di internet, berdasarkan konfigurasi metadata.",
    "TaskOptimizeDatabaseDescription": "Mampatkan pangkalan data dan potong ruang kosong. Pelaksanaan tugas ini selepas pengimbasan perpustakaan boleh membantu membaiki prestasi.",
    "TaskRefreshChannels": "Segarkan Saluran-saluran",
    "TaskUpdatePlugins": "Kemas kini plugin",
    "TaskDownloadMissingSubtitles": "Muat turn sari kata yang tiada",
    "TaskCleanTranscodeDescription": "Padam fail transkod yang lebih lama dari satu hari.",
    "TaskRefreshChannelsDescription": "Segarkan maklumat saluran internet.",
    "TaskCleanTranscode": "Bersihkan direktori transkod",
    "External": "Luaran",
    "TaskOptimizeDatabase": "Optimumkan pangkalan data",
    "TaskKeyframeExtractor": "Ekstrak bingkai kunci",
    "TaskKeyframeExtractorDescription": "Ekstrak bingkai kunci dari fail video untuk membina HLS playlist yang lebih tepat. Tugas ini mungkin perlukan masa yang panjang.",
    "TaskRefreshTrickplayImagesDescription": "Jana gambar prebiu Trickplay untuk video dalam perpustakaan.",
    "TaskRefreshTrickplayImages": "Jana gambar Trickplay",
    "TaskExtractMediaSegments": "Imbasan Segmen Media",
    "TaskExtractMediaSegmentsDescription": "Mengekstrak atau mendapatkan segmen media daripada pemalam yang didayakan MediaSegment.",
    "TaskMoveTrickplayImagesDescription": "Mengalihkan fail trickplay sedia ada mengikut tetapan pustakan digital.",
    "TaskDownloadMissingLyrics": "Muat turun lirik yang hilang",
    "TaskDownloadMissingLyricsDescription": "Memuat turun lirik-lirik untuk lagu-lagu",
    "TaskMoveTrickplayImages": "Alih Lokasi Imej Trickplay",
    "TaskCleanCollectionsAndPlaylists": "Bersihkan koleksi dan senarai audio video",
    "TaskAudioNormalization": "Normalisasi Audio",
    "TaskAudioNormalizationDescription": "Mengimbas fail-fail untuk data normalisasi audio.",
    "TaskCleanCollectionsAndPlaylistsDescription": "Mengalih keluar item daripada koleksi dan senarai audio video yang tidak wujud lagi."
}
