{
    "Default": "ပုံသေ",
    "Collections": "စုစည်းမှုများ",
    "Channels": "တီဗွီလိုင်းများ",
    "Books": "စာအုပ်များ",
    "Artists": "အနုပညာရှင်များ",
    "Albums": "သီချင်းအခွေများ",
    "TaskOptimizeDatabaseDescription": "ဒေတာဘေ့စ်ကို ကျစ်လစ်စေပြီး နေရာလွတ်များကို ဖြတ်တောက်ပေးသည်။ စာကြည့်တိုက်ကို စကင်န်ဖတ်ပြီးနောက် ဤလုပ်ငန်းကို လုပ်ဆောင်ခြင်း သို့မဟုတ် ဒေတာဘေ့စ်မွမ်းမံမှုများ စွမ်းဆောင်ရည်ကို မြှင့်တင်ပေးနိုင်သည်ဟု ရည်ညွှန်းသော အခြားပြောင်းလဲမှုများကို လုပ်ဆောင်ခြင်း။.",
    "TaskOptimizeDatabase": "ဒေတာဘေ့စ်ကို အကောင်းဆုံးဖြစ်အောင်လုပ်ပါ",
    "TaskDownloadMissingSubtitlesDescription": "မက်တာဒေတာ ဖွဲ့စည်းမှုပုံစံအပေါ် အခြေခံ၍ ပျောက်ဆုံးနေသော စာတန်းထိုးများအတွက် အင်တာနက်ကို ရှာဖွေသည်။",
    "TaskDownloadMissingSubtitles": "ပျောက်ဆုံးနေသော စာတန်းထိုးများကို ဒေါင်းလုဒ်လုပ်ပါ",
    "TaskRefreshChannelsDescription": "အင်တာနက်ချန်နယ်အချက်အလက်ကို ပြန်လည်စတင်သည်။",
    "TaskRefreshChannels": "ချန်နယ်များကို ပြန်လည်စတင်ပါ",
    "TaskCleanTranscodeDescription": "သက်တမ်း တစ်ရက်ထက်ပိုသော အသွင်ပြောင်းကုဒ်ဖိုင်များကို ဖျက်ပါ။",
    "TaskCleanTranscode": "Transcode လမ်းညွှန်ကို သန့်ရှင်းပါ",
    "TaskUpdatePluginsDescription": "အလိုအလျောက် အပ်ဒိတ်လုပ်ရန် စီစဉ်ထားသော ပလပ်အင်များအတွက် အပ်ဒိတ်များကို ဒေါင်းလုဒ်လုပ်ပြီး ထည့်သွင်းပါ။",
    "TaskUpdatePlugins": "ပလပ်အင်များကို အပ်ဒိတ်လုပ်ပါ",
    "TaskRefreshPeopleDescription": "သင့်မီဒီယာစာကြည့်တိုက်ရှိ သရုပ်ဆောင်များနှင့် ဒါရိုက်တာများအတွက် မက်တာဒေတာကို အပ်ဒိတ်လုပ်ပါ။",
    "TaskRefreshPeople": "လူများကို ပြန်လည်ဆန်းသစ်ပါ",
    "TaskCleanLogsDescription": "{0} ရက်ထက်ပိုသော မှတ်တမ်းဖိုင်များကို ဖျက်သည်။",
    "TaskCleanLogs": "မှတ်တမ်းလမ်းညွှန်ကို သန့်ရှင်းပါ",
    "TaskRefreshLibraryDescription": "သင့်မီဒီယာဒစ်ဂျစ်တိုက်ကို ဖိုင်အသစ်များရှိမရှိ စကင်န်ဖတ်ပြီး ဖိုင်ရဲ့အကြောင်းအရာများ ကို ပြန်ပြုပြင်မွမ်းမံပါ။",
    "TaskRefreshLibrary": "မီဒီယာစာကြည့်တိုက်ကို စကင်န်ဖတ်ပါ",
    "TaskRefreshChapterImagesDescription": "အခန်းများပါရှိသော ဗီဒီယိုများအတွက် ပုံသေးများကို ဖန်တီးပါ။",
    "TaskRefreshChapterImages": "အခန်းတစ်ခုစီ ပုံများကို ထုတ်ယူပါ",
    "TaskCleanCacheDescription": "စနစ်မှ မလိုအပ်တော့သော ကက်ရှ်ဖိုင်များကို ဖျက်ပါ။.",
    "TaskCleanCache": "Cache Directory ကို ရှင်းပါ",
    "TaskCleanActivityLogDescription": "စီစဉ်သတ်မှတ်ထားသော အသက်ထက် ပိုကြီးသော လုပ်ဆောင်ချက်မှတ်တမ်းများကို ဖျက်ပါ။",
    "TaskCleanActivityLog": "လုပ်ဆောင်ချက်မှတ်တမ်းကို ရှင်းလင်းပါ",
    "TasksChannelsCategory": "အင်တာနက် ချန်နယ်လိုင်းများ",
    "TasksApplicationCategory": "အပလီကေးရှင်း",
    "TasksLibraryCategory": "မီဒီယာတိုက်",
    "TasksMaintenanceCategory": "ပြုပြင် ထိန်းသိမ်းခြင်း",
    "VersionNumber": "ဗားရှင်း {0}",
    "ValueSpecialEpisodeName": "အထူး- {0}",
    "ValueHasBeenAddedToLibrary": "{0} ကို သင့်မီဒီယာဒစ်ဂျစ်တိုက်သို့ ပေါင်းထည့်လိုက်ပါပြီ",
    "UserStoppedPlayingItemWithValues": "{0} သည် {1} ကို {2} တွင် ဖွင့်ပြီးပါပြီ",
    "UserStartedPlayingItemWithValues": "{0} သည် {1} ကို {2} တွင် ပြသနေသည်",
    "UserPolicyUpdatedWithName": "{0} အတွက် အသုံးပြုသူမူဝါဒကို အပ်ဒိတ်လုပ်ပြီးပါပြီ",
    "UserPasswordChangedWithName": "အသုံးပြုသူ {0} အတွက် စကားဝှက်ကို ပြောင်းထားသည်",
    "UserOnlineFromDevice": "{0} သည် {1} မှ အွန်လိုင်းဖြစ်သည်",
    "UserOfflineFromDevice": "{0} သည် {1} မှ ချိတ်ဆက်မှုပြတ်တောက်သွားသည်",
    "UserLockedOutWithName": "အသုံးပြုသူ {0} အား လော့ခ်ချထားသည်",
    "UserDownloadingItemWithValues": "{0} သည် {1} ကို ဒေါင်းလုဒ်လုပ်နေသည်",
    "UserDeletedWithName": "အသုံးပြုသူ {0} ကို ဖျက်လိုက်ပါပြီ",
    "UserCreatedWithName": "အသုံးပြုသူ {0} ကို ဖန်တီးပြီးပါပြီ",
    "User": "အသုံးပြုသူ",
    "Undefined": "သတ်မှတ်မထားသော",
    "TvShows": "တီဗီ ဇာတ်လမ်းတွဲများ",
    "System": "စနစ်",
    "Sync": "ချိန်ကိုက်မည်",
    "SubtitleDownloadFailureFromForItem": "{1} အတွက် {0} မှ စာတန်းထိုးများ ဒေါင်းလုဒ်လုပ်ခြင်း မအောင်မြင်ပါ",
    "StartupEmbyServerIsLoading": "Jellyfin ဆာဗာကို အသင့်ပြင်နေပါသည်။ ခဏနေ ထပ်စမ်းကြည့်ပါ။",
    "Songs": "သီချင်းများ",
    "Shows": "ဇာတ်လမ်းတွဲများ",
    "ServerNameNeedsToBeRestarted": "{0} ကို ပြန်လည်စတင်ရန် လိုအပ်သည်",
    "ScheduledTaskStartedWithName": "{0} စတင်ခဲ့သည်",
    "ScheduledTaskFailedWithName": "{0} မအောင်မြင်ပါ",
    "ProviderValue": "ဝန်ဆောင်မှုပေးသူ- {0}",
    "PluginUpdatedWithName": "ပလပ်ခ်အင် {0} ကို အပ်ဒိတ်လုပ်ထားသည်",
    "PluginUninstalledWithName": "ပလပ်ခ်အင် {0} ကို ဖြုတ်လိုက်ပါပြီ",
    "PluginInstalledWithName": "ပလပ်ခ်အင် {0} ကို ထည့်သွင်းခဲ့သည်",
    "Plugin": "ပလပ်အင်",
    "Playlists": "အစီအစဉ်များ",
    "Photos": "ဓာတ်ပုံများ",
    "NotificationOptionVideoPlaybackStopped": "ဗီဒီယိုဖွင့်ခြင်း ရပ်သွားသည်",
    "NotificationOptionVideoPlayback": "ဗီဒီယိုဖွင့်ခြင်း စတင်ပါပြီ",
    "NotificationOptionUserLockedOut": "အသုံးပြုသူ ဝင်ရန် တားမြစ်ခံရသည်",
    "NotificationOptionTaskFailed": "စီစဉ်ထားသော အလုပ်ပျက်ကွက်",
    "NotificationOptionServerRestartRequired": "ဆာဗာ ပြန်လည်စတင်ရန် လိုအပ်သည်",
    "NotificationOptionPluginUpdateInstalled": "ပလပ်အင် အပ်ဒိတ် ထည့်သွင်းပြီးပါပြီ",
    "NotificationOptionPluginUninstalled": "ပလပ်အင်ကို ဖြုတ်လိုက်ပါပြီ",
    "NotificationOptionPluginInstalled": "ပလပ်အင် ထည့်သွင်းထားသည်",
    "NotificationOptionPluginError": "ပလပ်အင် ချို့ယွင်းခြင်း",
    "NotificationOptionNewLibraryContent": "အသစ်များ ထပ်ထည့်ထားပါတယ်",
    "NotificationOptionInstallationFailed": "ထည့်သွင်းမှု မအောင်မြင်ပါ",
    "NotificationOptionCameraImageUploaded": "ကင်မရာမှ ဓာတ်ပုံ အပ်လုဒ် ပြီးပါပြီ",
    "NotificationOptionAudioPlaybackStopped": "အသံဖိုင်ဖွင့်ခြင်း ရပ်သွားသည်",
    "NotificationOptionAudioPlayback": "အသံဖွင့်ခြင်း စတင်ပါပြီ",
    "NotificationOptionApplicationUpdateInstalled": "အပလီကေးရှင်း အပ်ဒိတ်ကို ထည့်သွင်းထားသည်",
    "NotificationOptionApplicationUpdateAvailable": "အပလီကေးရှင်း အပ်ဒိတ် ရနိုင်ပါပြီ",
    "NewVersionIsAvailable": "Jellyfin Server ၏ ဗားရှင်းအသစ်ကို ဒေါင်းလုဒ်လုပ်နိုင်ပါပြီ။",
    "NameSeasonUnknown": "ဇာတ်လမ်းတွဲ အပိုင်းမသိ",
    "NameSeasonNumber": "ဇာတ်လမ်းတွဲ အပိုင်း {0}",
    "NameInstallFailed": "{0} ထည့်သွင်းမှု မအောင်မြင်ပါ",
    "MusicVideos": "ဂီတဗီဒီယိုများ",
    "Music": "တေးဂီတ",
    "Movies": "ရုပ်ရှင်များ",
    "MixedContent": "ရောနှောပါဝင်မှု",
    "MessageServerConfigurationUpdated": "ဆာဗာဖွဲ့စည်းပုံကို အပ်ဒိတ်လုပ်ပြီးပါပြီ",
    "MessageNamedServerConfigurationUpdatedWithValue": "ဆာဗာဖွဲ့စည်းပုံကဏ္ဍ {0} ကို အပ်ဒိတ်လုပ်ပြီးပါပြီ",
    "MessageApplicationUpdatedTo": "Jellyfin ဆာဗာကို {0} သို့ အပ်ဒိတ်လုပ်ထားသည်",
    "MessageApplicationUpdated": "Jellyfin ဆာဗာကို အပ်ဒိတ်လုပ်ပြီးပါပြီ",
    "Latest": "နောက်ဆုံး",
    "LabelRunningTimeValue": "ကြာချိန် - {0}",
    "LabelIpAddressValue": "IP လိပ်စာ- {0}",
    "ItemRemovedWithName": "{0} ကို ဒစ်ဂျစ်တိုက်မှ ဖယ်ရှားခဲ့သည်",
    "ItemAddedWithName": "{0} ကို စာကြည့်တိုက်သို့ ထည့်ထားသည်",
    "Inherit": "ဆက်ခံ၍ လုပ်ဆောင်သည်",
    "HomeVideos": "ကိုယ်တိုင်ရိုက် ဗီဒီယိုများ",
    "HeaderRecordingGroups": "အသံဖမ်းအဖွဲ့များ",
    "HeaderNextUp": "နောက်ထပ်",
    "HeaderLiveTV": "တီဗွီတိုက်ရိုက်",
    "HeaderFavoriteSongs": "အကြိုက်ဆုံးသီချင်းများ",
    "HeaderFavoriteShows": "အကြိုက်ဆုံး ဇာတ်လမ်းတွဲများ",
    "HeaderFavoriteEpisodes": "အကြိုက်ဆုံး ဇာတ်လမ်းအပိုင်းများ",
    "HeaderFavoriteArtists": "အကြိုက်ဆုံး အနုပညာရှင်များ",
    "HeaderFavoriteAlbums": "အကြိုက်ဆုံး အယ်လ်ဘမ်များ",
    "HeaderContinueWatching": "ဆက်လက်ကြည့်ရှုပါ",
    "HeaderAlbumArtists": "အယ်လ်ဘမ်အနုပညာရှင်များ",
    "Genres": "အမျိုးအစားများ",
    "Forced": "အတင်းအကြပ်",
    "Folders": "ဖိုလ်ဒါများ",
    "Favorites": "အကြိုက်ဆုံးများ",
    "FailedLoginAttemptWithUserName": "{0} မှ အကောင့်ဝင်ရန် မအောင်မြင်ပါ",
    "DeviceOnlineWithName": "{0} ကို ချိတ်ဆက်ထားသည်",
    "DeviceOfflineWithName": "{0} နှင့် အဆက်ပြတ်သွားပါပြီ",
    "ChapterNameValue": "အခန်း {0}",
    "CameraImageUploadedFrom": "ကင်မရာပုံအသစ်ကို {0} မှ ထည့်သွင်းလိုက်သည်",
    "AuthenticationSucceededWithUserName": "{0} အောင်မြင်စွာ စစ်မှန်ကြောင်း အတည်ပြုပြီးပါပြီ",
    "Application": "အပလီကေးရှင်း",
    "AppDeviceValues": "အက်ပ်- {0}၊ စက်- {1}",
    "External": "ပြင်ပ",
    "TaskKeyframeExtractorDescription": "ပိုမိုတိကျသည့် အိတ်ချ်အယ်လ်အက်စ် အစဉ်လိုက်ပြသမှုများ ဖန်တီးနိုင်ရန်အတွက် ဗီဒီယိုဖိုင်များမှ ကီးဖရိန်များကို ထုတ်နှုတ်ယူမည် ဖြစ်သည်။ ဤလုပ်ဆောင်မှုသည် အချိန်ကြာရှည်နိုင်သည်။",
    "TaskCleanCollectionsAndPlaylistsDescription": "စုစည်းမှုများနှင့် အစဉ်လိုက်ပြသမှုများမှ မရှိတော့သည်များကို ဖယ်ရှားမည်။",
    "TaskRefreshTrickplayImages": "ထရစ်ခ်ပလေး ပုံများကို ထုတ်မည်",
    "TaskKeyframeExtractor": "ကီးဖရိန်များကို ထုတ်နုတ်ခြင်း",
    "TaskCleanCollectionsAndPlaylists": "စုစည်းမှုများနှင့် အစဉ်လိုက်ပြသမှုများကို ရှင်းလင်းမည်",
    "HearingImpaired": "အကြားအာရုံ ချို့တဲ့သူ"
}
