{
    "Albums": "Album",
    "AppDeviceValues": "App:{0}, Enhet: {1}",
    "Application": "Program",
    "Artists": "Artister",
    "AuthenticationSucceededWithUserName": "{0} har logget inn",
    "Books": "Bøker",
    "CameraImageUploadedFrom": "Et nytt kamerabilde har blitt lastet opp fra {0}",
    "Channels": "Kanaler",
    "ChapterNameValue": "Kapittel {0}",
    "Collections": "Samlinger",
    "DeviceOfflineWithName": "{0} har koblet fra",
    "DeviceOnlineWithName": "{0} er tilkoblet",
    "FailedLoginAttemptWithUserName": "Mislykket påloggingsforsøk fra {0}",
    "Favorites": "Favoritter",
    "Folders": "Mapper",
    "Genres": "Sjangre",
    "HeaderAlbumArtists": "Albumartister",
    "HeaderContinueWatching": "Fortsett å se",
    "HeaderFavoriteAlbums": "Favorittalbum",
    "HeaderFavoriteArtists": "Favorittartister",
    "HeaderFavoriteEpisodes": "Favorittepisoder",
    "HeaderFavoriteShows": "Favorittserier",
    "HeaderFavoriteSongs": "Favorittsanger",
    "HeaderLiveTV": "Direkte-TV",
    "HeaderNextUp": "Neste",
    "HeaderRecordingGroups": "Opptaksgrupper",
    "HomeVideos": "Hjemmelagde filmer",
    "Inherit": "Arve",
    "ItemAddedWithName": "{0} ble lagt til i biblioteket",
    "ItemRemovedWithName": "{0} ble fjernet fra biblioteket",
    "LabelIpAddressValue": "IP-adresse: {0}",
    "LabelRunningTimeValue": "Spilletid {0}",
    "Latest": "Siste",
    "MessageApplicationUpdated": "Jellyfin-serveren har blitt oppdatert",
    "MessageApplicationUpdatedTo": "Jellyfin-serveren ble oppdatert til {0}",
    "MessageNamedServerConfigurationUpdatedWithValue": "Serverkonfigurasjonsseksjon {0} har blitt oppdatert",
    "MessageServerConfigurationUpdated": "Serverkonfigurasjon har blitt oppdatert",
    "MixedContent": "Blandet innhold",
    "Movies": "Filmer",
    "Music": "Musikk",
    "MusicVideos": "Musikkvideoer",
    "NameInstallFailed": "Installasjonen av {0} mislyktes",
    "NameSeasonNumber": "Sesong {0}",
    "NameSeasonUnknown": "Ukjent sesong",
    "NewVersionIsAvailable": "En ny versjon av Jellyfin Server er tilgjengelig for nedlasting.",
    "NotificationOptionApplicationUpdateAvailable": "En programvareoppdatering er tilgjengelig",
    "NotificationOptionApplicationUpdateInstalled": "Applikasjonsoppdatering installert",
    "NotificationOptionAudioPlayback": "Lydavspilling startet",
    "NotificationOptionAudioPlaybackStopped": "Lydavspilling stoppet",
    "NotificationOptionCameraImageUploaded": "Kamerabilde lastet opp",
    "NotificationOptionInstallationFailed": "Installasjonsfeil",
    "NotificationOptionNewLibraryContent": "Nytt innhold lagt til",
    "NotificationOptionPluginError": "Programvareutvidelsesfeil",
    "NotificationOptionPluginInstalled": "Programvareutvidelse installert",
    "NotificationOptionPluginUninstalled": "Programvareutvidelse avinstallert",
    "NotificationOptionPluginUpdateInstalled": "Programvareutvidelsesoppdatering installert",
    "NotificationOptionServerRestartRequired": "Serveromstart er nødvendig",
    "NotificationOptionTaskFailed": "Feil under utføring av planlagt oppgave",
    "NotificationOptionUserLockedOut": "Bruker er utestengt",
    "NotificationOptionVideoPlayback": "Videoavspilling startet",
    "NotificationOptionVideoPlaybackStopped": "Videoavspilling stoppet",
    "Photos": "Bilder",
    "Playlists": "Spillelister",
    "Plugin": "Programvareutvidelse",
    "PluginInstalledWithName": "{0} ble installert",
    "PluginUninstalledWithName": "{0} ble avinstallert",
    "PluginUpdatedWithName": "{0} ble oppdatert",
    "ProviderValue": "Leverandør: {0}",
    "ScheduledTaskFailedWithName": "{0} mislykkes",
    "ScheduledTaskStartedWithName": "{0} startet",
    "ServerNameNeedsToBeRestarted": "{0} må startes på nytt",
    "Shows": "Serier",
    "Songs": "Sanger",
    "StartupEmbyServerIsLoading": "Jellyfin Server laster. Prøv igjen snart.",
    "SubtitleDownloadFailureForItem": "En feil oppstå under nedlasting av undertekster for  {0}",
    "SubtitleDownloadFailureFromForItem": "Kunne ikke laste ned undertekster fra {0} for {1}",
    "Sync": "Synkroniser",
    "System": "System",
    "TvShows": "TV-serier",
    "User": "Bruker",
    "UserCreatedWithName": "Bruker {0} er opprettet",
    "UserDeletedWithName": "Bruker {0} har blitt slettet",
    "UserDownloadingItemWithValues": "{0} laster ned {1}",
    "UserLockedOutWithName": "Bruker {0} er blitt utestengt",
    "UserOfflineFromDevice": "{0} har koblet fra {1}",
    "UserOnlineFromDevice": "{0} er tilkoblet fra {1}",
    "UserPasswordChangedWithName": "Passordet for {0} er oppdatert",
    "UserPolicyUpdatedWithName": "Brukerretningslinjene har blitt oppdatert for {0}",
    "UserStartedPlayingItemWithValues": "{0} har startet avspilling {1} på {2}",
    "UserStoppedPlayingItemWithValues": "{0} har stoppet avspilling {1}",
    "ValueHasBeenAddedToLibrary": "{0} har blitt lagt til i mediebiblioteket ditt",
    "ValueSpecialEpisodeName": "Spesialepisode - {0}",
    "VersionNumber": "Versjon {0}",
    "TasksChannelsCategory": "Internettkanaler",
    "TasksApplicationCategory": "Applikasjon",
    "TasksLibraryCategory": "Bibliotek",
    "TasksMaintenanceCategory": "Vedlikehold",
    "TaskCleanCache": "Tøm hurtigbuffer",
    "TaskRefreshLibrary": "Skann mediebibliotek",
    "TaskRefreshChapterImagesDescription": "Lager forhåndsvisningsbilder for videoer som har kapitler.",
    "TaskRefreshChapterImages": "Trekk ut kapittelbilder",
    "TaskCleanCacheDescription": "Sletter mellomlagrede filer som ikke lengre trengs av systemet.",
    "TaskDownloadMissingSubtitlesDescription": "Søker etter manglende undertekster på nett basert på metadatakonfigurasjon.",
    "TaskDownloadMissingSubtitles": "Last ned manglende undertekster",
    "TaskRefreshChannelsDescription": "Oppdaterer internettkanalinformasjon.",
    "TaskRefreshChannels": "Oppdater kanaler",
    "TaskCleanTranscodeDescription": "Sletter omkodede filer som er mer enn én dag gamle.",
    "TaskCleanTranscode": "Tøm transkodingmappe",
    "TaskUpdatePluginsDescription": "Laster ned og installerer oppdateringer for programvareutvidelser som er stilt inn til å oppdatere automatisk.",
    "TaskUpdatePlugins": "Oppdater programvareutvidelse",
    "TaskRefreshPeopleDescription": "Oppdaterer metadata for skuespillere og regissører i mediebiblioteket ditt.",
    "TaskRefreshPeople": "Oppdater personer",
    "TaskCleanLogsDescription": "Sletter loggfiler som er eldre enn {0} dager gamle.",
    "TaskCleanLogs": "Tøm loggmappe",
    "TaskRefreshLibraryDescription": "Skanner mediebibliotekene dine for nye filer og oppdaterer metadata.",
    "TaskCleanActivityLog": "Tøm aktivitetslogg",
    "Undefined": "Udefinert",
    "Forced": "Tvunget",
    "Default": "Standard",
    "TaskCleanActivityLogDescription": "Sletter oppføringer i aktivitetsloggen som er eldre enn den konfigurerte alderen.",
    "TaskOptimizeDatabase": "Optimiser database",
    "TaskOptimizeDatabaseDescription": "Komprimerer database og frigjør plass. Denne prosessen kan forbedre ytelsen etter skanning av bibliotek eller andre handlinger som fører til databaseendringer.",
    "TaskKeyframeExtractorDescription": "Trekker ut nøkkelbilder fra videofiler for å skape mere nøyaktige HLS-spillelister. Denne oppgaven kan ta lang tid.",
    "TaskKeyframeExtractor": "Nøkkelbilde-uttrekker",
    "External": "Ekstern",
    "HearingImpaired": "Hørselshemmet",
    "TaskRefreshTrickplayImages": "Generer Trickplay bilder",
    "TaskRefreshTrickplayImagesDescription": "Oppretter trickplay-forhåndsvisninger for videoer i aktiverte biblioteker.",
    "TaskCleanCollectionsAndPlaylists": "Rydd kolleksjoner og spillelister",
    "TaskAudioNormalization": "Lydnormalisering",
    "TaskAudioNormalizationDescription": "Skan filer for lydnormaliserende data.",
    "TaskCleanCollectionsAndPlaylistsDescription": "Fjerner elementer fra kolleksjoner og spillelister som ikke lengere finnes.",
    "TaskDownloadMissingLyrics": "Last ned manglende tekster",
    "TaskDownloadMissingLyricsDescription": "Last ned sangtekster",
    "TaskExtractMediaSegments": "Skann mediasegment",
    "TaskMoveTrickplayImages": "Migrer bildeplassering for Trickplay",
    "TaskMoveTrickplayImagesDescription": "Flytter eksisterende Trickplay-filer i henhold til bibliotekseinstillingene.",
    "TaskExtractMediaSegmentsDescription": "Trekker ut eller henter mediasegmenter fra plugins som støtter MediaSegment."
}
