{
    "NotificationOptionUserLockedOut": "प्रयोगकर्ता प्रतिबन्धित",
    "NotificationOptionTaskFailed": "निर्धारित कार्य विफलता",
    "NotificationOptionServerRestartRequired": "सर्भर रिस्टार्ट आवाश्यक छ",
    "NotificationOptionPluginUpdateInstalled": "प्लगइन अद्यावधिक स्थापना भयो",
    "NotificationOptionPluginUninstalled": "प्लगइन विस्थापित",
    "NotificationOptionPluginInstalled": "प्लगइन स्थापना भयो",
    "NotificationOptionPluginError": "प्लगइन असफलता",
    "NotificationOptionNewLibraryContent": "नयाँ सामग्री थपियो",
    "NotificationOptionInstallationFailed": "स्थापना असफलता",
    "NotificationOptionCameraImageUploaded": "क्यामेरा फोटो अपलोड गरियो",
    "NotificationOptionAudioPlaybackStopped": "ध्वनि प्रक्षेपण रोकियो",
    "NotificationOptionAudioPlayback": "ध्वनि प्रक्षेपण शुरू भयो",
    "NotificationOptionApplicationUpdateInstalled": "अनुप्रयोग अद्यावधिक स्थापना भयो",
    "NotificationOptionApplicationUpdateAvailable": "अनुप्रयोग अपडेट उपलब्ध छ",
    "NewVersionIsAvailable": "जेलीफिन सर्भर को नयाँ संस्करण डाउनलोड को लागी उपलब्ध छ।",
    "NameSeasonUnknown": "अज्ञात श्रृंखला",
    "NameSeasonNumber": "श्रृंखला {0}",
    "NameInstallFailed": "{0} स्थापना असफल भयो",
    "MusicVideos": "सांगीतिक भिडियोहरू",
    "Music": "संगीत",
    "Movies": "चलचित्रहरू",
    "MixedContent": "मिश्रित सामग्री",
    "MessageServerConfigurationUpdated": "सर्भर कन्फिगरेसन अद्यावधिक गरिएको छ",
    "MessageNamedServerConfigurationUpdatedWithValue": "सर्भर कन्फिगरेसन विभाग {0} अद्यावधिक गरिएको छ",
    "MessageApplicationUpdatedTo": "जेलीफिन सर्भर {0} मा अद्यावधिक गरिएको छ",
    "MessageApplicationUpdated": "जेलीफिन सर्भर अपडेट गरिएको छ",
    "Latest": "नविनतम",
    "LabelRunningTimeValue": "कुल समय: {0}",
    "LabelIpAddressValue": "आईपी ठेगाना: {0}",
    "ItemRemovedWithName": "{0}लाई पुस्तकालयबाट हटाईयो",
    "ItemAddedWithName": "{0} लाईब्रेरीमा थपियो",
    "Inherit": "उत्तराधिकार",
    "HomeVideos": "घरेलु भिडियोहरू",
    "HeaderRecordingGroups": "रेकर्ड समूहहरू",
    "HeaderNextUp": "आगामी",
    "HeaderLiveTV": "प्रत्यक्ष टिभी",
    "HeaderFavoriteSongs": "मनपर्ने गीतहरू",
    "HeaderFavoriteShows": "मनपर्ने कार्यक्रमहरू",
    "HeaderFavoriteEpisodes": "मनपर्ने एपिसोडहरू",
    "HeaderFavoriteArtists": "मनपर्ने कलाकारहरू",
    "HeaderFavoriteAlbums": "मनपर्ने एल्बमहरू",
    "HeaderContinueWatching": "हेर्न जारी राख्नुहोस्",
    "HeaderAlbumArtists": "एल्बमका कलाकारहरू",
    "Genres": "विधाहरू",
    "Folders": "फोल्डरहरू",
    "Favorites": "मनपर्ने",
    "FailedLoginAttemptWithUserName": "{0}को लग इन प्रयास असफल",
    "DeviceOnlineWithName": "{0}को साथ जडित",
    "DeviceOfflineWithName": "{0}बाट विच्छेदन भयो",
    "Collections": "संग्रह",
    "ChapterNameValue": "अध्याय {0}",
    "Channels": "च्यानलहरू",
    "AppDeviceValues": "अनुप्रयोग: {0}, उपकरण: {1}",
    "AuthenticationSucceededWithUserName": "{0} सफलतापूर्वक प्रमाणीकरण गरियो",
    "CameraImageUploadedFrom": "{0}बाट नयाँ क्यामेरा छवि अपलोड गरिएको छ",
    "Books": "पुस्तकहरु",
    "Artists": "कलाकारहरू",
    "Application": "अनुप्रयोगहरू",
    "Albums": "एल्बमहरू",
    "TasksLibraryCategory": "पुस्तकालय",
    "TasksApplicationCategory": "अनुप्रयोग",
    "TasksMaintenanceCategory": "मर्मत",
    "UserPolicyUpdatedWithName": "प्रयोगकर्ता नीति को लागी अद्यावधिक गरिएको छ {0}",
    "UserPasswordChangedWithName": "पासवर्ड प्रयोगकर्ताका लागि परिवर्तन गरिएको छ {0}",
    "UserOnlineFromDevice": "{0} बाट अनलाइन छ {1}",
    "UserOfflineFromDevice": "{0} बाट विच्छेदन भएको छ {1}",
    "UserLockedOutWithName": "प्रयोगकर्ता {0} लक गरिएको छ",
    "UserDeletedWithName": "प्रयोगकर्ता {0} हटाइएको छ",
    "UserCreatedWithName": "प्रयोगकर्ता {0} सिर्जना गरिएको छ",
    "User": "प्रयोगकर्ता",
    "PluginInstalledWithName": "{0} सभएको थियो",
    "StartupEmbyServerIsLoading": "Jellyfin सर्भर लोड हुँदैछ। कृपया छिट्टै फेरि प्रयास गर्नुहोस्।",
    "Songs": "गीतहरू",
    "Shows": "शोहरू",
    "ServerNameNeedsToBeRestarted": "{0} लाई पुन: सुरु गर्नु पर्छ",
    "ScheduledTaskStartedWithName": "{0} सुरु भयो",
    "ScheduledTaskFailedWithName": "{0} असफल",
    "ProviderValue": "प्रदायक: {0}",
    "Plugin": "प्लगइनहरू",
    "Playlists": "प्लेलिस्टहरू",
    "Photos": "तस्बिरहरु",
    "NotificationOptionVideoPlaybackStopped": "भिडियो प्लेब्याक रोकियो",
    "NotificationOptionVideoPlayback": "भिडियो प्लेब्याक सुरु भयो",
    "Forced": "जबरजस्ती",
    "External": "बाह्य",
    "Default": "पूर्वनिर्धारित",
    "TaskRefreshPeople": "मानिसहरूलाई ताजा गर्नुहोस्",
    "TaskCleanLogsDescription": "लग फाइलहरू मेटाउँछ जुन {0} दिन भन्दा पुराना छ।",
    "TaskCleanLogs": "लग निर्देशिका सफा गनुहोस्",
    "TaskRefreshLibraryDescription": "नयाँ फाइलहरूको लागि तपाइँको मिडिया लाइब्रेरी स्क्यान गर्दछ र मेटाडेटा रिफ्रेस गर्दछ।",
    "TaskRefreshLibrary": "मिडिया लाइब्रेरी स्क्यान गर्नुहोस्",
    "TaskRefreshChapterImagesDescription": "अध्यायहरू भएका भिडियोहरूको लागि थम्बनेलहरू सिर्जना गर्दछ।",
    "TaskRefreshChapterImages": "अध्याय छविहरू निकाल्नुहोस्",
    "TaskCleanCacheDescription": "प्रणालीलाई अब आवश्यक नपर्ने क्यास फाइलहरू मेटाउँछ।",
    "TaskCleanCache": "क्यास डाइरेक्टरी सफा गर्नुहोस्",
    "TaskCleanActivityLogDescription": "कन्फिगर गरिएको उमेर भन्दा पुरानो गतिविधि लग प्रविष्टिहरू मेटाउँछ।",
    "TaskCleanActivityLog": "गतिविधि लग सफा गर्नुहोस्",
    "TasksChannelsCategory": "इन्टरनेट च्यानलहरू",
    "VersionNumber": "संस्करण {0}",
    "ValueSpecialEpisodeName": "विशेष - {0}",
    "ValueHasBeenAddedToLibrary": "{0} तपाईंको मिडिया लाइब्रेरीमा थपिएको छ",
    "UserStoppedPlayingItemWithValues": "{2} मा {0} हेरिसकेको छ{1}",
    "UserStartedPlayingItemWithValues": "{0} हेर्दै {1} मा {2}",
    "UserDownloadingItemWithValues": "{0} डाउनलोड गर्दै छ {1}",
    "Undefined": "अपरिभाषित",
    "TvShows": "टेलिभिजन कार्यक्रमहरू",
    "System": "प्रणाली",
    "Sync": "समकालीन",
    "SubtitleDownloadFailureFromForItem": "उपशीर्षकहरू {0} बाट {1} को लागि डाउनलोड गर्न असफल",
    "PluginUpdatedWithName": "{0} अद्यावधिक गरिएको थियो",
    "PluginUninstalledWithName": "{0} को स्थापना रद्द गरिएको थियो",
    "HearingImpaired": "सुन्न नसक्ने",
    "TaskUpdatePluginsDescription": "स्वचालित रूपमा अद्यावधिक गर्न कन्फिगर गरिएका प्लगइनहरूका लागि अद्यावधिकहरू डाउनलोड र स्थापना गर्दछ।",
    "TaskCleanTranscode": "सफा ट्रान्सकोड निर्देशिका",
    "TaskCleanTranscodeDescription": "एक दिन भन्दा पुराना ट्रान्सकोड फाइलहरू मेटाउँछ।",
    "TaskRefreshChannels": "च्यानलहरू ताजा गर्नुहोस्",
    "TaskDownloadMissingSubtitlesDescription": "मेटाडेटा कन्फिगरेसनमा आधारित हराइरहेको उपशीर्षकहरूको लागि इन्टरनेट खोज्छ।",
    "TaskOptimizeDatabase": "डेटाबेस अप्टिमाइज गर्नुहोस्",
    "TaskOptimizeDatabaseDescription": "डाटाबेस कम्प्याक्ट र खाली ठाउँ काट्छ। पुस्तकालय स्क्यान गरेपछि वा डाटाबेस परिमार्जनलाई संकेत गर्ने अन्य परिवर्तनहरू गरेपछि यो कार्य चलाउँदा कार्यसम्पादनमा सुधार हुन सक्छ।",
    "TaskKeyframeExtractorDescription": "थप सटीक एचएलएस प्लेलिस्टहरू सिर्जना गर्न भिडियो फाइलहरूबाट कीफ्रेमहरू निकाल्छ। यो कार्य लामो समय सम्म चल्न सक्छ।",
    "TaskUpdatePlugins": "प्लगइनहरू अपडेट गर्नुहोस्",
    "TaskRefreshPeopleDescription": "तपाईंको मिडिया लाइब्रेरीमा अभिनेता र निर्देशकहरूको लागि मेटाडेटा अपडेट गर्दछ।",
    "TaskRefreshChannelsDescription": "इन्टरनेट च्यानल जानकारी ताजा गर्दछ।",
    "TaskDownloadMissingSubtitles": "छुटेका उपशीर्षकहरू डाउनलोड गर्नुहोस्",
    "TaskKeyframeExtractor": "कीफ्रेम एक्स्ट्रक्टर"
}
