{
    "Albums": "Albums",
    "AppDeviceValues": "App: {0}, Apparaat: {1}",
    "Application": "Applicatie",
    "Artists": "Artiesten",
    "AuthenticationSucceededWithUserName": "{0} is succesvol geauthenticeerd",
    "Books": "Boeken",
    "CameraImageUploadedFrom": "Nieuwe camera-afbeelding toegevoegd vanaf {0}",
    "Channels": "Kanalen",
    "ChapterNameValue": "Hoofdstuk {0}",
    "Collections": "Collecties",
    "DeviceOfflineWithName": "Verbinding met {0} is verbroken",
    "DeviceOnlineWithName": "{0} is verbonden",
    "FailedLoginAttemptWithUserName": "Mislukte aanmeldpoging van {0}",
    "Favorites": "Favorieten",
    "Folders": "Mappen",
    "Genres": "Genres",
    "HeaderAlbumArtists": "Albumartiesten",
    "HeaderContinueWatching": "Verderkijken",
    "HeaderFavoriteAlbums": "Favoriete albums",
    "HeaderFavoriteArtists": "Favoriete artiesten",
    "HeaderFavoriteEpisodes": "Favoriete afleveringen",
    "HeaderFavoriteShows": "Favoriete series",
    "HeaderFavoriteSongs": "Favoriete nummers",
    "HeaderLiveTV": "Live-tv",
    "HeaderNextUp": "Als volgende",
    "HeaderRecordingGroups": "Opnamegroepen",
    "HomeVideos": "Homevideo's",
    "Inherit": "Erven",
    "ItemAddedWithName": "{0} is toegevoegd aan de bibliotheek",
    "ItemRemovedWithName": "{0} is verwijderd uit de bibliotheek",
    "LabelIpAddressValue": "IP-adres: {0}",
    "LabelRunningTimeValue": "Looptijd: {0}",
    "Latest": "Nieuwste",
    "MessageApplicationUpdated": "Jellyfin Server is bijgewerkt",
    "MessageApplicationUpdatedTo": "Jellyfin Server is bijgewerkt naar {0}",
    "MessageNamedServerConfigurationUpdatedWithValue": "Sectie {0} van de serverconfiguratie is bijgewerkt",
    "MessageServerConfigurationUpdated": "Serverconfiguratie is bijgewerkt",
    "MixedContent": "Gemengde inhoud",
    "Movies": "Films",
    "Music": "Muziek",
    "MusicVideos": "Muziekvideo's",
    "NameInstallFailed": "{0} installatie mislukt",
    "NameSeasonNumber": "Seizoen {0}",
    "NameSeasonUnknown": "Seizoen onbekend",
    "NewVersionIsAvailable": "Een nieuwe versie van Jellyfin Server is beschikbaar om te downloaden.",
    "NotificationOptionApplicationUpdateAvailable": "Programma-update beschikbaar",
    "NotificationOptionApplicationUpdateInstalled": "Programma-update geïnstalleerd",
    "NotificationOptionAudioPlayback": "Muziek gestart",
    "NotificationOptionAudioPlaybackStopped": "Muziek gestopt",
    "NotificationOptionCameraImageUploaded": "Camera-afbeelding geüpload",
    "NotificationOptionInstallationFailed": "Installatie mislukt",
    "NotificationOptionNewLibraryContent": "Nieuwe inhoud toegevoegd",
    "NotificationOptionPluginError": "Plug-in-fout",
    "NotificationOptionPluginInstalled": "Plug-in geïnstalleerd",
    "NotificationOptionPluginUninstalled": "Plug-in verwijderd",
    "NotificationOptionPluginUpdateInstalled": "Plug-in-update geïnstalleerd",
    "NotificationOptionServerRestartRequired": "Herstarten server vereist",
    "NotificationOptionTaskFailed": "Geplande taak mislukt",
    "NotificationOptionUserLockedOut": "Gebruiker buitengesloten",
    "NotificationOptionVideoPlayback": "Afspelen van video gestart",
    "NotificationOptionVideoPlaybackStopped": "Afspelen van video gestopt",
    "Photos": "Foto's",
    "Playlists": "Afspeellijsten",
    "Plugin": "Plug-in",
    "PluginInstalledWithName": "{0} is geïnstalleerd",
    "PluginUninstalledWithName": "{0} is verwijderd",
    "PluginUpdatedWithName": "{0} is bijgewerkt",
    "ProviderValue": "Aanbieder: {0}",
    "ScheduledTaskFailedWithName": "{0} is mislukt",
    "ScheduledTaskStartedWithName": "{0} is gestart",
    "ServerNameNeedsToBeRestarted": "{0} moet herstart worden",
    "Shows": "Series",
    "Songs": "Nummers",
    "StartupEmbyServerIsLoading": "Jellyfin Server is aan het laden. Probeer het later opnieuw.",
    "SubtitleDownloadFailureForItem": "Downloaden van ondertiteling voor {0} is mislukt",
    "SubtitleDownloadFailureFromForItem": "Ondertiteling kon niet gedownload worden van {0} voor {1}",
    "Sync": "Synchronisatie",
    "System": "Systeem",
    "TvShows": "Tv-series",
    "User": "Gebruiker",
    "UserCreatedWithName": "Gebruiker {0} is aangemaakt",
    "UserDeletedWithName": "Gebruiker {0} is verwijderd",
    "UserDownloadingItemWithValues": "{0} downloadt {1}",
    "UserLockedOutWithName": "Gebruiker {0} is buitengesloten",
    "UserOfflineFromDevice": "Verbinding van {0} via {1} is verbroken",
    "UserOnlineFromDevice": "{0} is verbonden via {1}",
    "UserPasswordChangedWithName": "Wachtwoord voor {0} is gewijzigd",
    "UserPolicyUpdatedWithName": "Gebruikersbeleid gewijzigd voor {0}",
    "UserStartedPlayingItemWithValues": "{0} speelt {1} af op {2}",
    "UserStoppedPlayingItemWithValues": "{0} heeft afspelen van {1} gestopt op {2}",
    "ValueHasBeenAddedToLibrary": "{0} is toegevoegd aan je mediabibliotheek",
    "ValueSpecialEpisodeName": "Special - {0}",
    "VersionNumber": "Versie {0}",
    "TaskDownloadMissingSubtitlesDescription": "Zoekt op het internet naar ontbrekende ondertiteling gebaseerd op metadataconfiguratie.",
    "TaskDownloadMissingSubtitles": "Ontbrekende ondertiteling downloaden",
    "TaskRefreshChannelsDescription": "Vernieuwt informatie van internetkanalen.",
    "TaskRefreshChannels": "Kanalen vernieuwen",
    "TaskCleanTranscodeDescription": "Verwijdert transcoderingsbestanden ouder dan een dag.",
    "TaskCleanLogs": "Logboekmap opschonen",
    "TaskCleanTranscode": "Transcoderingsmap opschonen",
    "TaskUpdatePluginsDescription": "Downloadt en installeert updates van plug-ins waarvoor automatisch bijwerken is ingeschakeld.",
    "TaskUpdatePlugins": "Plug-ins bijwerken",
    "TaskRefreshPeopleDescription": "Werkt metadata bij voor acteurs en regisseurs in je mediabibliotheek.",
    "TaskRefreshPeople": "Personen vernieuwen",
    "TaskCleanLogsDescription": "Verwijdert logboekbestanden ouder dan {0} dagen.",
    "TaskRefreshLibraryDescription": "Scant de mediabibliotheek op nieuwe bestanden en vernieuwt de metadata.",
    "TaskRefreshLibrary": "Mediabibliotheek scannen",
    "TaskRefreshChapterImagesDescription": "Maakt voorbeeldafbeedingen aan voor video's met hoofdstukken.",
    "TaskRefreshChapterImages": "Hoofdstukafbeeldingen uitpakken",
    "TaskCleanCacheDescription": "Verwijdert gecachte bestanden die het systeem niet langer nodig heeft.",
    "TaskCleanCache": "Cache-map opschonen",
    "TasksChannelsCategory": "Internetkanalen",
    "TasksApplicationCategory": "Toepassing",
    "TasksLibraryCategory": "Bibliotheek",
    "TasksMaintenanceCategory": "Onderhoud",
    "TaskCleanActivityLogDescription": "Verwijdert activiteitenlogs ouder dan de ingestelde leeftijd.",
    "TaskCleanActivityLog": "Activiteitenlogboek legen",
    "Undefined": "Niet gedefinieerd",
    "Forced": "Gedwongen",
    "Default": "Standaard",
    "TaskOptimizeDatabaseDescription": "Comprimeert de database en trimt vrije ruimte. Het uitvoeren van deze taak kan de prestaties verbeteren, na het scannen van de bibliotheek of andere aanpassingen die invloed hebben op de database.",
    "TaskOptimizeDatabase": "Database optimaliseren",
    "TaskKeyframeExtractorDescription": "Haalt keyframes uit videobestanden om preciezere HLS-afspeellijsten te maken. Deze taak kan lang duren.",
    "TaskKeyframeExtractor": "Keyframes uitpakken",
    "External": "Extern",
    "HearingImpaired": "Slechthorenden",
    "TaskRefreshTrickplayImages": "Trickplay-afbeeldingen genereren",
    "TaskRefreshTrickplayImagesDescription": "Creëert trickplay-voorvertoningen voor video's in bibliotheken waarvoor dit is ingeschakeld.",
    "TaskCleanCollectionsAndPlaylists": "Collecties en afspeellijsten opruimen",
    "TaskCleanCollectionsAndPlaylistsDescription": "Verwijdert niet langer bestaande items uit collecties en afspeellijsten.",
    "TaskAudioNormalization": "Geluidsnormalisatie",
    "TaskAudioNormalizationDescription": "Scant bestanden op gegevens voor geluidsnormalisatie.",
    "TaskDownloadMissingLyrics": "Ontbrekende liedteksten downloaden",
    "TaskDownloadMissingLyricsDescription": "Downloadt liedteksten",
    "TaskExtractMediaSegmentsDescription": "Verkrijgt mediasegmenten vanuit plug-ins met MediaSegment-ondersteuning.",
    "TaskMoveTrickplayImages": "Locatie trickplay-afbeeldingen migreren",
    "TaskMoveTrickplayImagesDescription": "Verplaatst bestaande trickplay-bestanden op basis van de bibliotheekinstellingen.",
    "TaskExtractMediaSegments": "Scannen op mediasegmenten"
}
