{
    "MessageServerConfigurationUpdated": "Tenarkonfigurasjonen har blitt oppdatert",
    "MessageNamedServerConfigurationUpdatedWithValue": "Tenar konfigurasjon seksjon {0} har blitt oppdatert",
    "MessageApplicationUpdatedTo": "Jellyfin-tenaren har blitt oppdatert til {0}",
    "MessageApplicationUpdated": "Jellyfin-tenaren har blitt oppdatert",
    "Latest": "Nyaste",
    "LabelRunningTimeValue": "Speletid: {0}",
    "LabelIpAddressValue": "IP-adresse: {0}",
    "ItemRemovedWithName": "{0} vart fjerna frå biblioteket",
    "ItemAddedWithName": "{0} vart lagt til i biblioteket",
    "Inherit": "Arve",
    "HomeVideos": "Heimevideoar",
    "HeaderRecordingGroups": "Innspelingsgrupper",
    "HeaderNextUp": "Neste",
    "HeaderLiveTV": "Direkte TV",
    "HeaderFavoriteSongs": "Favorittsongar",
    "HeaderFavoriteShows": "Favorittseriar",
    "HeaderFavoriteEpisodes": "Favorittepisodar",
    "HeaderFavoriteArtists": "Favorittartistar",
    "HeaderFavoriteAlbums": "Favorittalbum",
    "HeaderContinueWatching": "Fortsett å sjå",
    "HeaderAlbumArtists": "Albumartist",
    "Genres": "Sjangrar",
    "Folders": "Mapper",
    "Favorites": "Favorittar",
    "FailedLoginAttemptWithUserName": "Mislukka påloggingsforsøk frå {0}",
    "DeviceOnlineWithName": "{0} er tilkopla",
    "DeviceOfflineWithName": "{0} har kopla frå",
    "Collections": "Samlingar",
    "ChapterNameValue": "Kapittel {0}",
    "Channels": "Kanalar",
    "CameraImageUploadedFrom": "Eit nytt kamerabilete har blitt lasta opp frå {0}",
    "Books": "Bøker",
    "AuthenticationSucceededWithUserName": "{0} har logga inn",
    "Artists": "Artistar",
    "Application": "Program",
    "AppDeviceValues": "App: {0}, Eining: {1}",
    "Albums": "Album",
    "NotificationOptionServerRestartRequired": "Tenaren krev omstart",
    "NotificationOptionPluginUpdateInstalled": "Programvaretilleggoppdatering vart installert",
    "NotificationOptionPluginUninstalled": "Programvaretillegg avinstallert",
    "NotificationOptionPluginInstalled": "Programvaretillegg installert",
    "NotificationOptionPluginError": "Programvaretillegg feila",
    "NotificationOptionNewLibraryContent": "Nytt innhald er lagt til",
    "NotificationOptionInstallationFailed": "Installasjonsfeil",
    "NotificationOptionCameraImageUploaded": "Kamerabilde vart lasta opp",
    "NotificationOptionAudioPlaybackStopped": "Lydavspilling stoppa",
    "NotificationOptionAudioPlayback": "Lydavspilling påbyrja",
    "NotificationOptionApplicationUpdateInstalled": "Applikasjonsoppdatering er installert",
    "NotificationOptionApplicationUpdateAvailable": "Applikasjonsoppdatering er tilgjengeleg",
    "NewVersionIsAvailable": "Ein ny versjon av Jellyfin-tjenaren er tilgjengeleg for nedlasting.",
    "NameSeasonUnknown": "Ukjend sesong",
    "NameSeasonNumber": "Sesong {0}",
    "NameInstallFailed": "Installasjonen av {0} feila",
    "MusicVideos": "Musikkvideoar",
    "Music": "Musikk",
    "Movies": "Filmar",
    "MixedContent": "Blanda innhald",
    "Sync": "Synkroniser",
    "TaskDownloadMissingSubtitlesDescription": "Søk Internettet for manglande undertekstar basert på metadatainnstillingar.",
    "TaskDownloadMissingSubtitles": "Last ned manglande undertekstar",
    "TaskRefreshChannelsDescription": "Oppdater internettkanalinformasjon.",
    "TaskRefreshChannels": "Oppdater kanalar",
    "TaskCleanTranscodeDescription": "Slett transkodefiler som er meir enn ein dag gammal.",
    "TaskCleanTranscode": "Fjern transkodemappe",
    "TaskUpdatePluginsDescription": "Laster ned og installerer oppdateringar for programtillegg som er sette opp til å oppdaterast automatisk.",
    "TaskUpdatePlugins": "Oppdaterer programvaretillegg",
    "TaskRefreshPeopleDescription": "Oppdaterer metadata for skodespelarar og regissørar i mediebiblioteket ditt.",
    "TaskRefreshPeople": "Oppdater personar",
    "TaskCleanLogsDescription": "Slett loggfiler som er meir enn {0} dagar gamle.",
    "TaskCleanLogs": "Slett loggmappa",
    "TaskRefreshLibraryDescription": "Skannar mediebiblioteket ditt for nye filer og oppdaterer metadata.",
    "TaskRefreshLibrary": "Skann mediebibliotek",
    "TaskRefreshChapterImagesDescription": "Lager miniatyrbilete for videoar som har kapittel.",
    "TaskRefreshChapterImages": "Trekk ut kapittelbilete",
    "TaskCleanCacheDescription": "Sletter mellomlagra filer som ikkje lengre trengst av systemet.",
    "TaskCleanCache": "Fjern hurtigbuffer",
    "TasksChannelsCategory": "Internettkanalar",
    "TasksApplicationCategory": "Applikasjon",
    "TasksLibraryCategory": "Bibliotek",
    "TasksMaintenanceCategory": "Vedlikehald",
    "VersionNumber": "Versjon {0}",
    "ValueSpecialEpisodeName": "Spesialepisode - {0}",
    "ValueHasBeenAddedToLibrary": "{0} har blitt lagt til i mediebiblioteket ditt",
    "UserStoppedPlayingItemWithValues": "{0} har fullført avspeling {1} på {2}",
    "UserStartedPlayingItemWithValues": "{0} spelar {1} på {2}",
    "UserPolicyUpdatedWithName": "Brukarreglar har blitt oppdatert for {0}",
    "UserPasswordChangedWithName": "Passordet for {0} er oppdatert",
    "UserOnlineFromDevice": "{0} er direktekopla frå {1}",
    "UserOfflineFromDevice": "{0} har kopla frå {1}",
    "UserLockedOutWithName": "Brukar {0} har blitt utestengd",
    "UserDownloadingItemWithValues": "{0} lastar ned {1}",
    "UserDeletedWithName": "Brukar {0} er sletta",
    "UserCreatedWithName": "Brukar {0} er oppretta",
    "User": "Brukar",
    "TvShows": "TV-seriar",
    "System": "System",
    "SubtitleDownloadFailureFromForItem": "Feila å laste ned undertekstar frå {0} for {1}",
    "StartupEmbyServerIsLoading": "Jellyfin-tenaren laster. Prøv igjen seinare.",
    "Songs": "Sangar",
    "Shows": "Seriar",
    "ServerNameNeedsToBeRestarted": "{0} må omstartast",
    "ScheduledTaskStartedWithName": "{0} starta",
    "ScheduledTaskFailedWithName": "{0} feila",
    "ProviderValue": "Leverandør: {0}",
    "PluginUpdatedWithName": "{0} blei oppdatert",
    "PluginUninstalledWithName": "{0} blei avinstallert",
    "PluginInstalledWithName": "{0} blei installert",
    "Plugin": "Programvaretillegg",
    "Playlists": "Spelelister",
    "Photos": "Bilete",
    "NotificationOptionVideoPlaybackStopped": "Videoavspeling stoppa",
    "NotificationOptionVideoPlayback": "Videoavspeling starta",
    "NotificationOptionUserLockedOut": "Brukar er utestengd",
    "NotificationOptionTaskFailed": "Planlagt oppgåve feila",
    "TaskCleanActivityLogDescription": "Sletter aktivitetslogginnlegg som er eldre enn den konfigurerte alderen.",
    "TaskCleanActivityLog": "Slett aktivitetslogg",
    "Undefined": "Udefinert",
    "Forced": "Tvungen",
    "Default": "Standard",
    "External": "Ekstern",
    "HearingImpaired": "Nedsett høyrsel"
}
