{
    "Albums": "Álbuns",
    "AppDeviceValues": "Aplicação {0}, Dispositivo: {1}",
    "Application": "Aplicação",
    "Artists": "Artistas",
    "AuthenticationSucceededWithUserName": "{0} autenticado com sucesso",
    "Books": "Livros",
    "CameraImageUploadedFrom": "Uma nova imagem de câmara foi enviada a partir de {0}",
    "Channels": "Canais",
    "ChapterNameValue": "Capítulo {0}",
    "Collections": "Coleções",
    "DeviceOfflineWithName": "{0} desligou-se",
    "DeviceOnlineWithName": "{0} ligou-se",
    "FailedLoginAttemptWithUserName": "Tentativa de login falhada a partir de {0}",
    "Favorites": "Favoritos",
    "Folders": "Pastas",
    "Genres": "Géneros",
    "HeaderAlbumArtists": "Artistas do álbum",
    "HeaderContinueWatching": "Continuar a ver",
    "HeaderFavoriteAlbums": "Álbuns Favoritos",
    "HeaderFavoriteArtists": "Artistas Favoritos",
    "HeaderFavoriteEpisodes": "Episódios Favoritos",
    "HeaderFavoriteShows": "Séries Favoritas",
    "HeaderFavoriteSongs": "Músicas Favoritas",
    "HeaderLiveTV": "TV em Direto",
    "HeaderNextUp": "A Seguir",
    "HeaderRecordingGroups": "Grupos de Gravação",
    "HomeVideos": "Vídeos Caseiros",
    "Inherit": "Herdar",
    "ItemAddedWithName": "{0} foi adicionado à mediateca",
    "ItemRemovedWithName": "{0} foi removido da mediateca",
    "LabelIpAddressValue": "Endereço IP: {0}",
    "LabelRunningTimeValue": "Duração: {0}",
    "Latest": "Mais Recente",
    "MessageApplicationUpdated": "O servidor Jellyfin foi atualizado",
    "MessageApplicationUpdatedTo": "O servidor Jellyfin foi atualizado para a versão {0}",
    "MessageNamedServerConfigurationUpdatedWithValue": "Configurações de servidor na secção {0} foram atualizadas",
    "MessageServerConfigurationUpdated": "A configuração do servidor foi atualizada",
    "MixedContent": "Conteúdo Misto",
    "Movies": "Filmes",
    "Music": "Música",
    "MusicVideos": "Videoclipes",
    "NameInstallFailed": "{0} falha na instalação",
    "NameSeasonNumber": "Temporada {0}",
    "NameSeasonUnknown": "Temporada Desconhecida",
    "NewVersionIsAvailable": "Está disponível para transferência uma nova versão do servidor Jellyfin.",
    "NotificationOptionApplicationUpdateAvailable": "Atualização de aplicação disponível",
    "NotificationOptionApplicationUpdateInstalled": "Atualização de aplicação instalada",
    "NotificationOptionAudioPlayback": "Reprodução Iniciada",
    "NotificationOptionAudioPlaybackStopped": "Reprodução Parada",
    "NotificationOptionCameraImageUploaded": "Imagem da câmara enviada",
    "NotificationOptionInstallationFailed": "Falha na instalação",
    "NotificationOptionNewLibraryContent": "Novo conteúdo adicionado",
    "NotificationOptionPluginError": "Falha na extensão",
    "NotificationOptionPluginInstalled": "Extensão instalada",
    "NotificationOptionPluginUninstalled": "Extensão desinstalada",
    "NotificationOptionPluginUpdateInstalled": "Extensão atualizada",
    "NotificationOptionServerRestartRequired": "Necessário reiniciar o servidor",
    "NotificationOptionTaskFailed": "Falha em tarefa agendada",
    "NotificationOptionUserLockedOut": "Utilizador bloqueado",
    "NotificationOptionVideoPlayback": "Reprodução do vídeo iniciada",
    "NotificationOptionVideoPlaybackStopped": "Reprodução do vídeo parada",
    "Photos": "Fotografias",
    "Playlists": "Listas de Reprodução",
    "Plugin": "Extensão",
    "PluginInstalledWithName": "{0} foi instalado",
    "PluginUninstalledWithName": "{0} foi desinstalado",
    "PluginUpdatedWithName": "{0} foi atualizado",
    "ProviderValue": "Provider: {0}",
    "ScheduledTaskFailedWithName": "{0} falhou",
    "ScheduledTaskStartedWithName": "{0} iniciou",
    "ServerNameNeedsToBeRestarted": "{0} necessita de ser reiniciado",
    "Shows": "Séries",
    "Songs": "Músicas",
    "StartupEmbyServerIsLoading": "O servidor Jellyfin está a iniciar. Tente novamente mais tarde.",
    "SubtitleDownloadFailureForItem": "Subtitles failed to download for {0}",
    "SubtitleDownloadFailureFromForItem": "Falha na transferência de legendas a partir de {0} para {1}",
    "Sync": "Sincronização",
    "System": "Sistema",
    "TvShows": "Programas TV",
    "User": "Utilizador",
    "UserCreatedWithName": "Utilizador {0} criado",
    "UserDeletedWithName": "Utilizador {0} apagado",
    "UserDownloadingItemWithValues": "{0} está a transferir {1}",
    "UserLockedOutWithName": "Utilizador {0} bloqueado",
    "UserOfflineFromDevice": "{0} desligou-se a partir de {1}",
    "UserOnlineFromDevice": "{0} ligou-se a partir de {1}",
    "UserPasswordChangedWithName": "Palavra-passe alterada para o utilizador {0}",
    "UserPolicyUpdatedWithName": "Política de utilizador alterada para {0}",
    "UserStartedPlayingItemWithValues": "{0} está a reproduzir {1} em {2}",
    "UserStoppedPlayingItemWithValues": "{0} terminou a reprodução de {1} em {2}",
    "ValueHasBeenAddedToLibrary": "{0} foi adicionado à sua mediateca",
    "ValueSpecialEpisodeName": "Especial - {0}",
    "VersionNumber": "Versão {0}",
    "TaskDownloadMissingSubtitlesDescription": "Procurar na internet por legendas em falta baseado na configuração de metadados.",
    "TaskDownloadMissingSubtitles": "Transferir legendas em falta",
    "TaskRefreshChannelsDescription": "Atualizar informação sobre canais da Internet.",
    "TaskRefreshChannels": "Atualizar Canais",
    "TaskCleanTranscodeDescription": "Apagar ficheiros de transcode com mais de um dia.",
    "TaskCleanTranscode": "Limpar a Diretoria de Transcode",
    "TaskUpdatePluginsDescription": "Faz o download e instala updates para os plugins que estão configurados para atualizar automaticamente.",
    "TaskUpdatePlugins": "Atualizar Plugins",
    "TaskRefreshPeopleDescription": "Atualizar metadados para elenco e equipa técnica da tua mediateca.",
    "TaskRefreshPeople": "Atualizar Pessoas",
    "TaskCleanLogsDescription": "Apagar ficheiros de log que têm mais de {0} dias.",
    "TaskCleanLogs": "Limpar a Diretoria de Logs",
    "TaskRefreshLibraryDescription": "Analisar a mediateca para novos ficheiros e atualizar os metadados.",
    "TaskRefreshLibrary": "Analisar mediateca",
    "TaskRefreshChapterImagesDescription": "Criar thumbnails para os vídeos que têm capítulos.",
    "TaskRefreshChapterImages": "Extrair Imagens dos Capítulos",
    "TaskCleanCacheDescription": "Apagar ficheiros em cache que já não são necessários.",
    "TaskCleanCache": "Limpar Cache",
    "TasksChannelsCategory": "Canais da Internet",
    "TasksApplicationCategory": "Aplicação",
    "TasksLibraryCategory": "Mediateca",
    "TasksMaintenanceCategory": "Manutenção",
    "TaskCleanActivityLogDescription": "Apaga as entradas do registo de atividade anteriores à data configurada.",
    "TaskCleanActivityLog": "Limpar registo de atividade",
    "Undefined": "Indefinido",
    "Forced": "Forçado",
    "Default": "Padrão",
    "TaskOptimizeDatabaseDescription": "Otimiza e liberta espaço livre na base de dados. A execução desta tarefa depois de analisar a mediateca ou efetuar outras alterações que impliquem modificações na base de dados pode melhorar o desempenho.",
    "TaskOptimizeDatabase": "Otimizar base de dados",
    "TaskKeyframeExtractorDescription": "Extrai quadros-chave de ficheiros de video para criar listas de reprodução HLS mais precisas. Esta tarefa pode demorar algum tempo.",
    "TaskKeyframeExtractor": "Extrator de Quadros-chave",
    "External": "Externo",
    "HearingImpaired": "Surdo",
    "TaskRefreshTrickplayImages": "Gerar imagens de truques",
    "TaskRefreshTrickplayImagesDescription": "Cria vizualizações de truques para videos nas librarias ativas.",
    "TaskCleanCollectionsAndPlaylistsDescription": "Remove itens de coleções e listas de reprodução que já não existem.",
    "TaskCleanCollectionsAndPlaylists": "Limpar coleções e listas de reprodução",
    "TaskAudioNormalizationDescription": "Analisa os ficheiros para obter dados de normalização de áudio.",
    "TaskAudioNormalization": "Normalização de áudio",
    "TaskExtractMediaSegments": "Analisar segmentos de multimédia",
    "TaskDownloadMissingLyrics": "Transferir letra em falta",
    "TaskMoveTrickplayImages": "Migrar a localização da imagem do Trickplay",
    "TaskDownloadMissingLyricsDescription": "Transferir letra para músicas",
    "TaskExtractMediaSegmentsDescription": "Extrai ou obtém segmentos de multimédia a partir de plugins com suporte para MediaSegment.",
    "TaskMoveTrickplayImagesDescription": "Move os ficheiros trickplay existentes de acordo com as definições da mediateca."
}
