{
    "HeaderLiveTV": "TV Em Direto",
    "Collections": "Coleções",
    "Books": "Livros",
    "Artists": "Artistas",
    "Albums": "Álbuns",
    "HeaderNextUp": "A Seguir",
    "HeaderFavoriteSongs": "Músicas Favoritas",
    "HeaderFavoriteArtists": "Artistas Favoritos",
    "HeaderFavoriteAlbums": "Álbuns Favoritos",
    "HeaderFavoriteEpisodes": "Episódios Favoritos",
    "HeaderFavoriteShows": "Séries Favoritas",
    "HeaderContinueWatching": "Continuar a ver",
    "HeaderAlbumArtists": "Artistas do Álbum",
    "Genres": "Géneros",
    "Folders": "Pastas",
    "Favorites": "Favoritos",
    "Channels": "Canais",
    "UserDownloadingItemWithValues": "{0} está sendo baixado {1}",
    "VersionNumber": "Versão {0}",
    "ValueHasBeenAddedToLibrary": "{0} foi adicionado à sua mediateca",
    "UserStoppedPlayingItemWithValues": "{0} terminou a reprodução de {1} em {2}",
    "UserStartedPlayingItemWithValues": "{0} está reproduzindo {1} em {2}",
    "UserPolicyUpdatedWithName": "A política do usuário {0} foi alterada",
    "UserPasswordChangedWithName": "A senha do usuário {0} foi alterada",
    "UserOnlineFromDevice": "{0} está online a partir de {1}",
    "UserOfflineFromDevice": "{0} desconectou-se a partir de {1}",
    "UserLockedOutWithName": "O usuário {0} foi bloqueado",
    "UserDeletedWithName": "O usuário {0} foi removido",
    "UserCreatedWithName": "O usuário {0} foi criado",
    "User": "Usuário",
    "TvShows": "Séries",
    "System": "Sistema",
    "SubtitleDownloadFailureFromForItem": "Falha na transferência de legendas de {0} para {1}",
    "StartupEmbyServerIsLoading": "O servidor Jellyfin está iniciando. Tente novamente dentro de momentos.",
    "ServerNameNeedsToBeRestarted": "{0} necessita ser reiniciado",
    "ScheduledTaskStartedWithName": "{0} iniciou",
    "ScheduledTaskFailedWithName": "{0} falhou",
    "ProviderValue": "Fornecedor: {0}",
    "PluginUpdatedWithName": "{0} foi atualizado",
    "PluginUninstalledWithName": "{0} foi desinstalado",
    "PluginInstalledWithName": "{0} foi instalado",
    "Plugin": "Plugin",
    "NotificationOptionVideoPlaybackStopped": "Reprodução de vídeo parada",
    "NotificationOptionVideoPlayback": "Reprodução de vídeo iniciada",
    "NotificationOptionUserLockedOut": "Usuário bloqueado",
    "NotificationOptionTaskFailed": "Falha na tarefa agendada",
    "NotificationOptionServerRestartRequired": "É necessário reiniciar o servidor",
    "NotificationOptionPluginUpdateInstalled": "Plugin atualizado",
    "NotificationOptionPluginUninstalled": "Plugin desinstalado",
    "NotificationOptionPluginInstalled": "Plugin instalado",
    "NotificationOptionPluginError": "Falha no plugin",
    "NotificationOptionNewLibraryContent": "Novo conteúdo adicionado",
    "NotificationOptionInstallationFailed": "Falha de instalação",
    "NotificationOptionCameraImageUploaded": "Imagem de câmera enviada",
    "NotificationOptionAudioPlaybackStopped": "Reprodução Parada",
    "NotificationOptionAudioPlayback": "Reprodução Iniciada",
    "NotificationOptionApplicationUpdateInstalled": "A atualização do aplicativo foi instalada",
    "NotificationOptionApplicationUpdateAvailable": "Uma atualização do aplicativo está disponível",
    "NewVersionIsAvailable": "Uma nova versão do servidor Jellyfin está disponível para download.",
    "NameSeasonUnknown": "Temporada Desconhecida",
    "NameSeasonNumber": "Temporada {0}",
    "NameInstallFailed": "Falha na instalação de {0}",
    "MusicVideos": "Videoclipes",
    "Music": "Música",
    "MixedContent": "Conteúdo diverso",
    "MessageServerConfigurationUpdated": "A configuração do servidor foi atualizada",
    "MessageNamedServerConfigurationUpdatedWithValue": "As configurações do servidor na seção {0} foram atualizadas",
    "MessageApplicationUpdatedTo": "O servidor Jellyfin foi atualizado para a versão {0}",
    "MessageApplicationUpdated": "O servidor Jellyfin foi atualizado",
    "Latest": "Mais Recente",
    "LabelRunningTimeValue": "Duração: {0}",
    "LabelIpAddressValue": "Endereço de IP: {0}",
    "ItemRemovedWithName": "{0} foi removido da mediateca",
    "ItemAddedWithName": "{0} foi adicionado à mediateca",
    "Inherit": "Herdar",
    "HomeVideos": "Vídeos Caseiros",
    "HeaderRecordingGroups": "Grupos de Gravação",
    "ValueSpecialEpisodeName": "Episódio Especial - {0}",
    "Sync": "Sincronização",
    "Songs": "Músicas",
    "Shows": "Séries",
    "Playlists": "Listas de Reprodução",
    "Photos": "Fotografias",
    "Movies": "Filmes",
    "FailedLoginAttemptWithUserName": "Tentativa de início de sessão falhada a partir de {0}",
    "DeviceOnlineWithName": "{0} está ligado",
    "DeviceOfflineWithName": "{0} desligou-se",
    "ChapterNameValue": "Capítulo {0}",
    "CameraImageUploadedFrom": "Uma nova imagem da câmara foi enviada a partir de {0}",
    "AuthenticationSucceededWithUserName": "{0} autenticado com sucesso",
    "Application": "Aplicação",
    "AppDeviceValues": "Aplicação: {0}, Dispositivo: {1}",
    "TaskCleanCache": "Limpar Diretório de Cache",
    "TasksApplicationCategory": "Aplicação",
    "TasksLibraryCategory": "Mediateca",
    "TasksMaintenanceCategory": "Manutenção",
    "TaskRefreshChannels": "Atualizar Canais",
    "TaskUpdatePlugins": "Atualizar Plugins",
    "TaskCleanLogsDescription": "Deletar arquivos de log que existe a mais de {0} dias.",
    "TaskCleanLogs": "Limpar diretório de logs",
    "TaskRefreshLibrary": "Analisar mediateca",
    "TaskRefreshChapterImagesDescription": "Cria miniaturas para vídeos que têm capítulos.",
    "TaskCleanCacheDescription": "Apaga ficheiros em cache que já não são usados pelo sistema.",
    "TasksChannelsCategory": "Canais de Internet",
    "TaskRefreshChapterImages": "Extrair Imagens do Capítulo",
    "TaskDownloadMissingSubtitlesDescription": "Pesquisa na Internet as legendas em falta com base na configuração de metadados.",
    "TaskDownloadMissingSubtitles": "Transferir legendas em falta",
    "TaskRefreshChannelsDescription": "Atualiza as informações do canal da Internet.",
    "TaskCleanTranscodeDescription": "Apagar os ficheiros com mais de um dia, de Transcode.",
    "TaskCleanTranscode": "Limpar o diretório de Transcode",
    "TaskUpdatePluginsDescription": "Baixa e instala as atualizações para plug-ins configurados para atualização automática.",
    "TaskRefreshPeopleDescription": "Atualizar metadados para elenco e equipa técnica da tua mediateca.",
    "TaskRefreshPeople": "Atualizar pessoas",
    "TaskRefreshLibraryDescription": "Analisar a mediateca para novos ficheiros e atualizar os metadados.",
    "TaskCleanActivityLog": "Limpar registro de atividade",
    "Undefined": "Indefinido",
    "Forced": "Forçado",
    "Default": "Predefinição",
    "TaskCleanActivityLogDescription": "Apaga itens no registro com idade acima do que é configurado.",
    "TaskOptimizeDatabase": "Otimizar base de dados",
    "TaskOptimizeDatabaseDescription": "Otimiza e liberta espaço livre na base de dados. A execução desta tarefa depois de analisar a mediateca ou efetuar outras alterações que impliquem modificações na base de dados pode melhorar o desempenho.",
    "External": "Externo",
    "HearingImpaired": "Problemas auditivos",
    "TaskKeyframeExtractor": "Extrator de quadro-chave",
    "TaskKeyframeExtractorDescription": "Retira frames chave do video para criar listas HLS precisas. Esta tarefa pode correr durante algum tempo.",
    "TaskRefreshTrickplayImages": "Gerar miniaturas de vídeo",
    "TaskRefreshTrickplayImagesDescription": "Cria miniaturas de vídeo para vídeos nas bibliotecas definidas.",
    "TaskCleanCollectionsAndPlaylistsDescription": "Remove itens de coleções e listas de reprodução que já não existem.",
    "TaskCleanCollectionsAndPlaylists": "Limpar coleções e listas de reprodução",
    "TaskAudioNormalizationDescription": "Analisa os ficheiros para obter dados de normalização de áudio.",
    "TaskAudioNormalization": "Normalização de áudio",
    "TaskDownloadMissingLyrics": "Transferir letra em falta",
    "TaskDownloadMissingLyricsDescription": "Transferir letra para músicas",
    "TaskMoveTrickplayImagesDescription": "Move os ficheiros trickplay existentes de acordo com as definições da mediateca.",
    "TaskExtractMediaSegments": "Analisar segmentos de multimédia",
    "TaskExtractMediaSegmentsDescription": "Extrai ou obtém segmentos de multimédia a partir de plugins com suporte para MediaSegment.",
    "TaskMoveTrickplayImages": "Migrar a localização da imagem do Trickplay"
}
