{
    "VersionNumber": "பதிப்பு {0}",
    "ValueSpecialEpisodeName": "சிறப்பு - {0}",
    "TasksMaintenanceCategory": "பராமரிப்பு",
    "TaskCleanCache": "தற்காலிக சேமிப்பு கோப்பகத்தை சுத்தம் செய்யவும்",
    "TaskRefreshChapterImages": "அத்தியாயப் படங்களை பிரித்தெடுக்கவும்",
    "TaskRefreshPeople": "மக்களைப் புதுப்பிக்கவும்",
    "TaskCleanTranscode": "டிரான்ஸ்கோட் கோப்பகத்தை சுத்தம் செய்யவும்",
    "TaskRefreshChannelsDescription": "இணையச் சேனல் தகவல்களைப் புதுப்பிக்கிறது.",
    "System": "ஒருங்கியம்",
    "NotificationOptionTaskFailed": "திட்டமிடப்பட்ட பணி தோல்வியடைந்தது",
    "NotificationOptionPluginUpdateInstalled": "உட்செருகி புதுப்பிக்கப்பட்டது",
    "NotificationOptionPluginUninstalled": "உட்செருகி நீக்கப்பட்டது",
    "NotificationOptionPluginInstalled": "உட்செருகி நிறுவப்பட்டது",
    "NotificationOptionPluginError": "உட்செருகி செயலிழந்தது",
    "NotificationOptionCameraImageUploaded": "புகைப்படம் பதிவேற்றப்பட்டது",
    "MixedContent": "கலப்பு உள்ளடக்கங்கள்",
    "MessageServerConfigurationUpdated": "சேவையக அமைப்புகள் புதுப்பிக்கப்பட்டன",
    "MessageApplicationUpdatedTo": "ஜெல்லிஃபின் சேவையகம் {0} இற்கு புதுப்பிக்கப்பட்டது",
    "MessageApplicationUpdated": "ஜெல்லிஃபின் சேவையகம் புதுப்பிக்கப்பட்டது",
    "Inherit": "மரபுரிமையாகப் பெறு",
    "HeaderRecordingGroups": "பதிவு குழுக்கள்",
    "Folders": "கோப்புறைகள்",
    "FailedLoginAttemptWithUserName": "{0} இன் உள்நுழைவு முயற்சி தோல்வியடைந்தது",
    "DeviceOnlineWithName": "{0} இணைக்கப்பட்டது",
    "DeviceOfflineWithName": "{0} துண்டிக்கப்பட்டது",
    "Collections": "தொகுப்புகள்",
    "CameraImageUploadedFrom": "{0} இல் இருந்து புதிய புகைப்படம் பதிவேற்றப்பட்டது",
    "AppDeviceValues": "செயலி: {0}, சாதனம்: {1}",
    "TaskDownloadMissingSubtitles": "விடுபட்டுபோன வசன வரிகளைப் பதிவிறக்கு",
    "TaskRefreshChannels": "சேனல்களை புதுப்பி",
    "TaskUpdatePlugins": "உட்செருகிகளை புதுப்பி",
    "TaskRefreshLibrary": "ஊடக நூலகத்தை ஆராய்",
    "TasksChannelsCategory": "இணைய சேனல்கள்",
    "TasksApplicationCategory": "செயலி",
    "TasksLibraryCategory": "நூலகம்",
    "UserPolicyUpdatedWithName": "பயனர் கொள்கை {0} இற்கு புதுப்பிக்கப்பட்டுள்ளது",
    "UserPasswordChangedWithName": "{0} பயனருக்கு கடவுச்சொல் மாற்றப்பட்டுள்ளது",
    "UserLockedOutWithName": "பயனர் {0} முடக்கப்பட்டார்",
    "UserDownloadingItemWithValues": "{0} ஆல் {1} பதிவிறக்கப்படுகிறது",
    "UserDeletedWithName": "பயனர் {0} நீக்கப்பட்டார்",
    "UserCreatedWithName": "பயனர் {0} உருவாக்கப்பட்டார்",
    "User": "பயனர்",
    "TvShows": "தொலைக்காட்சித் தொடர்கள்",
    "Sync": "ஒத்திசைவு",
    "StartupEmbyServerIsLoading": "ஜெல்லிஃபின் சேவையகம் துவங்குகிறது. சிறிது நேரம் கழித்து முயற்சிக்கவும்.",
    "Songs": "பாடல்கள்",
    "Shows": "நிகழ்ச்சிகள்",
    "ServerNameNeedsToBeRestarted": "{0} மறுதொடக்கம் செய்யப்பட வேண்டும்",
    "ScheduledTaskStartedWithName": "{0} துவங்கியது",
    "ScheduledTaskFailedWithName": "{0} தோல்வியடைந்தது",
    "ProviderValue": "வழங்குநர்: {0}",
    "PluginUpdatedWithName": "{0} புதுப்பிக்கப்பட்டது",
    "PluginUninstalledWithName": "{0} நீக்கப்பட்டது",
    "PluginInstalledWithName": "{0} நிறுவப்பட்டது",
    "Plugin": "உட்செருகி",
    "Playlists": "தொடர் பட்டியல்கள்",
    "Photos": "புகைப்படங்கள்",
    "NotificationOptionVideoPlaybackStopped": "நிகழ்பட ஒளிபரப்பு நிறுத்தப்பட்டது",
    "NotificationOptionVideoPlayback": "நிகழ்பட ஒளிபரப்பு துவங்கியது",
    "NotificationOptionUserLockedOut": "பயனர் கணக்கு முடக்கப்பட்டது",
    "NotificationOptionServerRestartRequired": "சேவையக மறுதொடக்கம் தேவை",
    "NotificationOptionNewLibraryContent": "புதிய உள்ளடக்கங்கள் சேர்க்கப்பட்டன",
    "NotificationOptionInstallationFailed": "நிறுவல் தோல்வியடைந்தது",
    "NotificationOptionAudioPlaybackStopped": "ஒலி இசைத்தல் நிறுத்தப்பட்டது",
    "NotificationOptionAudioPlayback": "ஒலி இசைக்கத் துவங்கியுள்ளது",
    "NotificationOptionApplicationUpdateInstalled": "செயலி புதுப்பிக்கப்பட்டது",
    "NotificationOptionApplicationUpdateAvailable": "செயலியினை புதுப்பிக்கலாம்",
    "NameSeasonUnknown": "அறியப்படாத பருவம்",
    "NameSeasonNumber": "பருவம் {0}",
    "NameInstallFailed": "{0} நிறுவல் தோல்வியடைந்தது",
    "MusicVideos": "இசை கானொளி",
    "Music": "இசை",
    "Movies": "திரைப்படங்கள்",
    "Latest": "புதியவை",
    "LabelRunningTimeValue": "ஓடும் நேரம்: {0}",
    "LabelIpAddressValue": "ஐபி முகவரி: {0}",
    "ItemRemovedWithName": "{0} நூலகத்திலிருந்து அகற்றப்பட்டது",
    "ItemAddedWithName": "{0} நூலகத்தில் சேர்க்கப்பட்டது",
    "HeaderNextUp": "அடுத்தது",
    "HeaderLiveTV": "நேரடித் தொலைக்காட்சி",
    "HeaderFavoriteSongs": "பிடித்த பாடல்கள்",
    "HeaderFavoriteShows": "பிடித்த தொடர்கள்",
    "HeaderFavoriteEpisodes": "பிடித்த அத்தியாயங்கள்",
    "HeaderFavoriteArtists": "பிடித்த கலைஞர்கள்",
    "HeaderFavoriteAlbums": "பிடித்த ஆல்பங்கள்",
    "HeaderContinueWatching": "தொடர்ந்து பார்",
    "HeaderAlbumArtists": "கலைஞரின் ஆல்பம்",
    "Genres": "வகைகள்",
    "Favorites": "பிடித்தவை",
    "ChapterNameValue": "அத்தியாயம் {0}",
    "Channels": "சேனல்கள்",
    "Books": "புத்தகங்கள்",
    "AuthenticationSucceededWithUserName": "{0} வெற்றிகரமாக அங்கீகரிக்கப்பட்டது",
    "Artists": "கலைஞர்கள்",
    "Application": "செயலி",
    "Albums": "ஆல்பங்கள்",
    "NewVersionIsAvailable": "ஜெல்லிஃபின் சேவையகத்தின் புதிய பதிப்பு பதிவிறக்கத்திற்கு கிடைக்கிறது.",
    "MessageNamedServerConfigurationUpdatedWithValue": "சேவையக உள்ளமைவு பிரிவு {0} புதுப்பிக்கப்பட்டது",
    "TaskCleanCacheDescription": "கணினிக்கு இனி தேவைப்படாத தற்காலிக கோப்புகளை நீக்கு.",
    "UserOfflineFromDevice": "{0} இலிருந்து {1} துண்டிக்கப்பட்டுள்ளது",
    "SubtitleDownloadFailureFromForItem": "வசன வரிகள் {0} இல் இருந்து {1} க்கு பதிவிறக்கத் தவறிவிட்டன",
    "TaskDownloadMissingSubtitlesDescription": "மீத்தரவு உள்ளமைவின் அடிப்படையில் வசன வரிகள் காணாமல் போனதற்கு இணையத்தைத் தேடுகிறது.",
    "TaskCleanTranscodeDescription": "ஒரு நாளைக்கு மேற்பட்ட பழைய டிரான்ஸ்கோட் கோப்புகளை நீக்குகிறது.",
    "TaskUpdatePluginsDescription": "தானாகவே புதுப்பிக்கும்படி கட்டமைக்கப்பட்ட உட்செருகிகளுக்கான புதுப்பிப்புகளை பதிவிறக்கி நிறுவுகிறது.",
    "TaskRefreshPeopleDescription": "உங்கள் ஊடக நூலகத்தில் உள்ள நடிகர்கள் மற்றும் இயக்குனர்களுக்கான மீத்தரவை புதுப்பிக்கும்.",
    "TaskCleanLogsDescription": "{0} நாட்களுக்கு மேல் இருக்கும் பதிவு கோப்புகளை நீக்கும்.",
    "TaskCleanLogs": "பதிவு அடைவை சுத்தம் செய்யுங்கள்",
    "TaskRefreshLibraryDescription": "புதிய கோப்புகளுக்காக உங்கள் ஊடக நூலகத்தை ஆராய்ந்து மீத்தரவை புதுப்பிக்கும்.",
    "TaskRefreshChapterImagesDescription": "அத்தியாயங்களைக் கொண்ட வீடியோக்களுக்கான சிறு உருவங்களை உருவாக்குகிறது.",
    "ValueHasBeenAddedToLibrary": "உங்கள் மீடியா நூலகத்தில் {0} சேர்க்கப்பட்டது",
    "UserOnlineFromDevice": "{1} இருந்து {0} ஆன்லைன்",
    "HomeVideos": "முகப்பு வீடியோக்கள்",
    "UserStoppedPlayingItemWithValues": "{0} {2} இல் {1} முடித்துவிட்டது",
    "UserStartedPlayingItemWithValues": "{0} {2}இல் {1} ஐ இயக்குகிறது",
    "TaskCleanActivityLogDescription": "உள்ளமைக்கப்பட்ட வயதை விட பழைய செயல்பாட்டு பதிவு உள்ளீடுகளை நீக்குகிறது.",
    "TaskCleanActivityLog": "செயல்பாட்டு பதிவை அழி",
    "Undefined": "வரையறுக்கப்படாத",
    "Forced": "கட்டாயப்படுத்தப்பட்டது",
    "Default": "இயல்புநிலை",
    "TaskOptimizeDatabaseDescription": "தரவுத்தளத்தை சுருக்கி, இலவச இடத்தை குறைக்கிறது. நூலகத்தை ஸ்கேன் செய்தபின் அல்லது தரவுத்தள மாற்றங்களைக் குறிக்கும் பிற மாற்றங்களைச் செய்தபின் இந்த பணியை இயக்குவது செயல்திறனை மேம்படுத்தக்கூடும்.",
    "TaskOptimizeDatabase": "தரவுத்தளத்தை மேம்படுத்தவும்",
    "TaskKeyframeExtractorDescription": "மிகவும் துல்லியமான HLS பிளேலிஸ்ட்களை உருவாக்க வீடியோ கோப்புகளிலிருந்து கீஃப்ரேம்களைப் பிரித்தெடுக்கிறது. இந்த பணி நீண்ட காலமாக இருக்கலாம்.",
    "TaskKeyframeExtractor": "கீஃப்ரேம் எக்ஸ்ட்ராக்டர்",
    "External": "வெளி",
    "HearingImpaired": "செவித்திறன் குறைபாடுடையவர்",
    "TaskRefreshTrickplayImages": "முன்னோட்ட படங்களை உருவாக்கு",
    "TaskRefreshTrickplayImagesDescription": "செயல்பாட்டில் உள்ள தொகுப்புகளுக்கு முன்னோட்ட படங்களை உருவாக்கும்.",
    "TaskCleanCollectionsAndPlaylists": "சேகரிப்புகள் மற்றும் பிளேலிஸ்ட்களை சுத்தம் செய்யவும்",
    "TaskCleanCollectionsAndPlaylistsDescription": "சேகரிப்புகள் மற்றும் பிளேலிஸ்ட்களில் இருந்து உருப்படிகளை நீக்குகிறது.",
    "TaskAudioNormalization": "ஆடியோ இயல்பாக்கம்",
    "TaskAudioNormalizationDescription": "ஆடியோ இயல்பாக்குதல் தரவுக்காக கோப்புகளை ஸ்கேன் செய்கிறது."
}
