{
    "ValueSpecialEpisodeName": "ప్రత్యేక - {0}",
    "Sync": "సమకాలీకరించు",
    "Songs": "పాటలు",
    "Shows": "ప్రదర్శనలు",
    "Playlists": "ప్లేజాబితాలు",
    "Photos": "ఫోటోలు",
    "MusicVideos": "మ్యూజిక్ వీడియోలు",
    "Music": "సంగీతం",
    "Movies": "సినిమాలు",
    "HeaderContinueWatching": "చూడటం కొనసాగించండి",
    "HeaderAlbumArtists": "ఆల్బమ్ కళాకారులు",
    "Genres": "శైలులు",
    "Forced": "బలవంతంగా",
    "Folders": "ఫోల్డర్లు",
    "Favorites": "ఇష్టమైనవి",
    "Default": "డిఫాల్ట్",
    "Collections": "సేకరణలు",
    "Channels": "ఛానెల్‌లు",
    "Books": "పుస్తకాలు",
    "Artists": "కళాకారులు",
    "Albums": "ఆల్బమ్‌లు",
    "HearingImpaired": "వినికిడి లోపం",
    "HomeVideos": "హోమ్ వీడియోలు",
    "AppDeviceValues": "అప్లికేషన్ : {0}, పరికరం: {1}",
    "Application": "అప్లికేషన్",
    "AuthenticationSucceededWithUserName": "విజయవంతంగా ఆమోదించబడింది",
    "CameraImageUploadedFrom": "{0} నుండి కొత్త కెమెరా చిత్రం అప్‌లోడ్ చేయబడింది",
    "ChapterNameValue": "అధ్యాయం",
    "DeviceOfflineWithName": "{0} డిస్‌కనెక్ట్ చేయబడింది",
    "DeviceOnlineWithName": "{0} కనెక్ట్ చేయబడింది",
    "External": "బాహ్య",
    "FailedLoginAttemptWithUserName": "{0} నుండి విఫలమైన లాగిన్ ప్రయత్నం",
    "HeaderFavoriteAlbums": "ఇష్టమైన ఆల్బమ్‌లు",
    "HeaderFavoriteArtists": "ఇష్టమైన కళాకారులు",
    "HeaderFavoriteEpisodes": "ఇష్టమైన ఎపిసోడ్‌లు",
    "HeaderFavoriteShows": "ఇష్టమైన ప్రదర్శనలు",
    "HeaderFavoriteSongs": "ఇష్టమైన పాటలు",
    "HeaderLiveTV": "ప్రత్యక్ష TV",
    "HeaderNextUp": "తదుపరి",
    "HeaderRecordingGroups": "రికార్డింగ్ గుంపులు",
    "MessageApplicationUpdated": "జెల్లీఫిన్ సర్వర్ అప్‌డేట్ చేయడం పూర్తి అయ్యింది",
    "MessageApplicationUpdatedTo": "జెల్లీఫిన్ సర్వర్ {0} వెర్షన్ కి అప్‌డేట్ చెయ్యబడింది",
    "MessageServerConfigurationUpdated": "సర్వర్ కన్ఫిగరేషన్ అప్డేట్ చేయబడింది",
    "NewVersionIsAvailable": "జెల్లీఫిన్ సర్వర్ యొక్క కొత్త వెర్షన్ డౌన్‌లోడ్ చేసుకోవడానికి అందుబాటులో ఉంది.",
    "NotificationOptionApplicationUpdateInstalled": "అప్లికేషన్ అప్‌డేట్ ఇన్‌స్టాల్ చేయబడింది",
    "ItemAddedWithName": "{0} లైబ్రరీకి జోడించబడింది",
    "ItemRemovedWithName": "లైబ్రరీ నుండి {0} తీసివేయబడింది",
    "LabelIpAddressValue": "ఐపీ చిరునామా: {0}",
    "LabelRunningTimeValue": "నడుస్తున్న సమయం: {0}",
    "Latest": "తాజా",
    "NameInstallFailed": "{0} ఇన్‌స్టాలేషన్ విఫలమైంది",
    "NameSeasonUnknown": "భాగం తెలియదు",
    "NotificationOptionApplicationUpdateAvailable": "అప్లికేషన్ అప్‌డేట్ అందుబాటులో ఉంది"
}
