{
    "Albums": "Albümler",
    "AppDeviceValues": "Uygulama: {0}, Aygıt: {1}",
    "Application": "Uygulama",
    "Artists": "Sanatçılar",
    "AuthenticationSucceededWithUserName": "{0} kimliği başarıyla doğrulandı",
    "Books": "Kitaplar",
    "CameraImageUploadedFrom": "{0} 'den yeni bir kamera resmi yüklendi",
    "Channels": "Kanallar",
    "ChapterNameValue": "{0}. Bölüm",
    "Collections": "Koleksiyonlar",
    "DeviceOfflineWithName": "{0} bağlantısı kesildi",
    "DeviceOnlineWithName": "{0} bağlı",
    "FailedLoginAttemptWithUserName": "{0} kullanıcısının başarısız oturum açma girişimi",
    "Favorites": "Favoriler",
    "Folders": "Klasörler",
    "Genres": "Türler",
    "HeaderAlbumArtists": "Albüm sanatçıları",
    "HeaderContinueWatching": "İzlemeye Devam Et",
    "HeaderFavoriteAlbums": "Favori Albümler",
    "HeaderFavoriteArtists": "Favori Sanatçılar",
    "HeaderFavoriteEpisodes": "Favori Bölümler",
    "HeaderFavoriteShows": "Favori Diziler",
    "HeaderFavoriteSongs": "Favori Şarkılar",
    "HeaderLiveTV": "Canlı TV",
    "HeaderNextUp": "Sıradaki Bölümler",
    "HeaderRecordingGroups": "Kayıt Grupları",
    "HomeVideos": "Ana Ekran Videoları",
    "Inherit": "Devral",
    "ItemAddedWithName": "{0} kütüphaneye eklendi",
    "ItemRemovedWithName": "{0} kütüphaneden silindi",
    "LabelIpAddressValue": "IP adresi: {0}",
    "LabelRunningTimeValue": "Çalışma süresi: {0}",
    "Latest": "En son",
    "MessageApplicationUpdated": "Jellyfin Sunucusu güncellendi",
    "MessageApplicationUpdatedTo": "Jellyfin Sunucusu {0} sürümüne güncellendi",
    "MessageNamedServerConfigurationUpdatedWithValue": "Sunucu yapılandırma bölümü {0} güncellendi",
    "MessageServerConfigurationUpdated": "Sunucu yapılandırması güncellendi",
    "MixedContent": "Karışık içerik",
    "Movies": "Filmler",
    "Music": "Müzik",
    "MusicVideos": "Müzik Videoları",
    "NameInstallFailed": "{0} kurulumu başarısız",
    "NameSeasonNumber": "{0}. Sezon",
    "NameSeasonUnknown": "Bilinmeyen Sezon",
    "NewVersionIsAvailable": "Jellyfin Sunucusunun yeni bir sürümü indirmek için hazır.",
    "NotificationOptionApplicationUpdateAvailable": "Uygulama güncellemesi mevcut",
    "NotificationOptionApplicationUpdateInstalled": "Uygulama güncellemesi yüklendi",
    "NotificationOptionAudioPlayback": "Ses çalma başladı",
    "NotificationOptionAudioPlaybackStopped": "Ses çalma durduruldu",
    "NotificationOptionCameraImageUploaded": "Kamera fotoğrafı yüklendi",
    "NotificationOptionInstallationFailed": "Kurulum hatası",
    "NotificationOptionNewLibraryContent": "Yeni içerik eklendi",
    "NotificationOptionPluginError": "Eklenti hatası",
    "NotificationOptionPluginInstalled": "Eklenti yüklendi",
    "NotificationOptionPluginUninstalled": "Eklenti kaldırıldı",
    "NotificationOptionPluginUpdateInstalled": "Eklenti güncellemesi yüklendi",
    "NotificationOptionServerRestartRequired": "Sunucunun yeniden başlatılması gerekiyor",
    "NotificationOptionTaskFailed": "Zamanlanmış görev hatası",
    "NotificationOptionUserLockedOut": "Kullanıcı kilitlendi",
    "NotificationOptionVideoPlayback": "Video oynatma başladı",
    "NotificationOptionVideoPlaybackStopped": "Video oynatma durduruldu",
    "Photos": "Fotoğraflar",
    "Playlists": "Çalma listeleri",
    "Plugin": "Eklenti",
    "PluginInstalledWithName": "{0} yüklendi",
    "PluginUninstalledWithName": "{0} kaldırıldı",
    "PluginUpdatedWithName": "{0} güncellendi",
    "ProviderValue": "Sağlayıcı: {0}",
    "ScheduledTaskFailedWithName": "{0} başarısız oldu",
    "ScheduledTaskStartedWithName": "{0} başladı",
    "ServerNameNeedsToBeRestarted": "{0} yeniden başlatılması gerekiyor",
    "Shows": "Diziler",
    "Songs": "Şarkılar",
    "StartupEmbyServerIsLoading": "Jellyfin Sunucusu yükleniyor. Lütfen kısa süre sonra tekrar deneyin.",
    "SubtitleDownloadFailureForItem": "Subtitles failed to download for {0}",
    "SubtitleDownloadFailureFromForItem": "{1} için alt yazılar {0} sağlayıcısından indirilemedi",
    "Sync": "Eşzamanlama",
    "System": "Sistem",
    "TvShows": "Diziler",
    "User": "Kullanıcı",
    "UserCreatedWithName": "{0} kullanıcısı oluşturuldu",
    "UserDeletedWithName": "{0} kullanıcısı silindi",
    "UserDownloadingItemWithValues": "{0} kullanıcısı {1} medyasını indiriyor",
    "UserLockedOutWithName": "{0} adlı kullanıcı kilitlendi",
    "UserOfflineFromDevice": "{0} kullanıcısının {1} ile bağlantısı kesildi",
    "UserOnlineFromDevice": "{0} kullanıcısı {1} ile çevrimiçi",
    "UserPasswordChangedWithName": "{0} kullanıcısının parolası değiştirildi",
    "UserPolicyUpdatedWithName": "{0} için kullanıcı politikası güncellendi",
    "UserStartedPlayingItemWithValues": "{0}, {2} cihazında {1} izliyor",
    "UserStoppedPlayingItemWithValues": "{0}, {2} cihazında {1} izlemeyi bitirdi",
    "ValueHasBeenAddedToLibrary": "{0} medya kütüphanenize eklendi",
    "ValueSpecialEpisodeName": "Özel - {0}",
    "VersionNumber": "Sürüm {0}",
    "TaskCleanCache": "Önbellek Dizinini Temizle",
    "TasksChannelsCategory": "İnternet Kanalları",
    "TasksApplicationCategory": "Uygulama",
    "TasksLibraryCategory": "Kütüphane",
    "TasksMaintenanceCategory": "Bakım",
    "TaskRefreshPeopleDescription": "Medya kütüphanenizdeki videoların oyuncu ve yönetmen bilgilerini günceller.",
    "TaskDownloadMissingSubtitlesDescription": "Meta veri yapılandırmasına dayalı olarak eksik altyazılar için internette arama yapar.",
    "TaskDownloadMissingSubtitles": "Eksik altyazıları indir",
    "TaskRefreshChannelsDescription": "Internet kanal bilgilerini yenile.",
    "TaskRefreshChannels": "Kanalları Yenile",
    "TaskCleanTranscodeDescription": "Bir günden daha eski kod dönüştürme dosyalarını siler.",
    "TaskCleanTranscode": "Kod Dönüştürme Dizinini Temizle",
    "TaskUpdatePluginsDescription": "Otomatik güncellenmeye ayarlanmış eklentilerin güncellemelerini indirir ve kurar.",
    "TaskUpdatePlugins": "Eklentileri Güncelle",
    "TaskRefreshPeople": "Kullanıcıları Yenile",
    "TaskCleanLogsDescription": "{0} günden eski günlük dosyalarını siler.",
    "TaskCleanLogs": "Günlük Dizinini Temizle",
    "TaskRefreshLibraryDescription": "Medya kütüphanenize eklenen yeni dosyaları arar ve ortam bilgilerini yeniler.",
    "TaskRefreshLibrary": "Medya Kütüphanesini Tara",
    "TaskRefreshChapterImagesDescription": "Bölümlere ayrılmış videolar için küçük resimler oluştur.",
    "TaskRefreshChapterImages": "Bölüm Resimlerini Çıkar",
    "TaskCleanCacheDescription": "Sistem tarafından artık ihtiyaç duyulmayan önbellek dosyalarını siler.",
    "TaskCleanActivityLog": "Etkinlik Günlüğünü Temizle",
    "TaskCleanActivityLogDescription": "Yapılandırılan tarihten daha eski olan etkinlik günlüğü girişlerini siler.",
    "Undefined": "Tanımlanmadı",
    "Default": "Varsayılan",
    "Forced": "Zorla",
    "TaskOptimizeDatabaseDescription": "Veritabanını sıkıştırır ve boş alanı keser. Kütüphaneyi taradıktan sonra veya veritabanında değişiklik anlamına gelen diğer işlemleri yaptıktan sonra bu görevi çalıştırmak performansı artırabilir.",
    "TaskOptimizeDatabase": "Veritabanını optimize et",
    "TaskKeyframeExtractorDescription": "Daha hassas HLS çalma listeleri oluşturmak için video dosyalarından ana kareleri çıkarır. Bu görev uzun bir süre çalışabilir.",
    "TaskKeyframeExtractor": "Ana Kare Çıkarıcı",
    "External": "Harici",
    "HearingImpaired": "Duyma Engelli",
    "TaskRefreshTrickplayImages": "Trickplay Görselleri Oluştur",
    "TaskRefreshTrickplayImagesDescription": "Etkin kütüphanelerdeki videolar için trickplay önizlemeleri oluşturur.",
    "TaskCleanCollectionsAndPlaylistsDescription": "Artık var olmayan koleksiyon ve çalma listelerindeki ögeleri kaldırır.",
    "TaskCleanCollectionsAndPlaylists": "Koleksiyonları ve çalma listelerini temizleyin",
    "TaskAudioNormalizationDescription": "Ses normalleştirme verileri için dosyaları tarar.",
    "TaskAudioNormalization": "Ses Normalleştirme",
    "TaskExtractMediaSegments": "Medya Segmenti Tarama",
    "TaskMoveTrickplayImages": "Trickplay Görsel Konumunu Taşıma",
    "TaskMoveTrickplayImagesDescription": "Mevcut trickplay dosyalarını kütüphane ayarlarına göre taşır.",
    "TaskDownloadMissingLyrics": "Eksik şarkı sözlerini indir",
    "TaskDownloadMissingLyricsDescription": "Şarkı sözlerini indirir",
    "TaskExtractMediaSegmentsDescription": "MediaSegment özelliği etkin olan eklentilerden medya segmentlerini çıkarır veya alır."
}
