{
    "ChapterNameValue": "باب {0}",
    "Channels": "قانال",
    "CameraImageUploadedFrom": "{0} ئورۇندىن يېڭى سۈرەت چىقىرىلدى",
    "Books": "كىتاب",
    "AuthenticationSucceededWithUserName": "{0} تەستىقلاش مۇۋاپىقىيەتلىك بولدى",
    "Artists": "سەنئەتكار",
    "Albums": "پىلاستىنكا",
    "DeviceOnlineWithName": "{0} ئۇلاندى",
    "DeviceOfflineWithName": "{0} ئۈزۈلدى",
    "Collections": "توپلام",
    "Application": "ئەپ",
    "AppDeviceValues": "ئەپ: {0}، ئۈسكۈنە: {1}",
    "HeaderLiveTV": "تور تېلېۋىزىيەسى",
    "Default": "سۈكۈتتىكى",
    "Folders": "ھۆججەت خالتىسى",
    "Favorites": "ساقلىغۇچ",
    "LabelRunningTimeValue": "ئىجرا بولغان ۋاقتى:{0}",
    "HeaderRecordingGroups": "خاتىرلەش گۇرۇپىسى",
    "Forced": "ئەڭ",
    "TaskKeyframeExtractor": "ھالقىلىق رامكا ئاجراتقۇچ",
    "TaskKeyframeExtractorDescription": "سىن ھۆججەتلىرىدىن رامكا ئاجرىتىپ، تېخىمۇ ئېنىق بولغان HLS قويۇلۇش تىزىملىكىنى قۇرۇلىدۇ. بۇ ۋەزىپە ئۇزۇن داۋام قىلىشى مۇمكىن.",
    "TaskOptimizeDatabase": "سانداننى ئەلالاشتۇرۇش",
    "TaskDownloadMissingSubtitlesDescription": "ئامىللار تەڭشىكىگە ئاساسەن توردىن كەم بولغان فىلىم خېتىنى ئىزدەش.",
    "TaskDownloadMissingSubtitles": "كەم بولغان فىلىم خەتلىرىنى چۈشۈرۈش",
    "TasksChannelsCategory": "ئىنتېرنېت قاناللىرى",
    "TaskRefreshChannelsDescription": "ئىنتېرنېت قانىلى ئۇچۇرىنى يېڭىلاش.",
    "TaskRefreshChannels": "قانالنى يېڭىلاش",
    "TaskCleanTranscodeDescription": "بىر كۈندىن ئاشقان ئالماشتۇرۇش ھۆججەتلىرىنى ئۆچۈرۈش.",
    "TaskCleanTranscode": "ئايلاندۇرۇش ھۆججەت قىسقۇچىنى تازىلاش",
    "TaskUpdatePluginsDescription": "ئاپتوماتىك يېڭىلاشقا بېكىتىلگەن قىستۇرمىلارنىڭ يېڭىلانمىسىنى چۈشۈرۈش ۋە قاچىلاش.",
    "TaskUpdatePlugins": "قىستۇرمىلارنى يېڭىلاش",
    "TaskRefreshPeopleDescription": "مېدىيا ئامبىرىدىكى ئارتىس ۋە رېژىسسورلارنىڭ ئۇچۇرىنى يېڭىلاش.",
    "TaskRefreshPeople": "ئابونتلارنى يېڭىلاش",
    "TaskCleanLogsDescription": "{0} كۈندىن ئاشقان Log ھۆججىتىنى ئۆچۈرۈش.",
    "TaskCleanLogs": "Log ھۆججەت قسقۇچىنى تازىلاش",
    "TaskRefreshLibraryDescription": "مېدىيا ئامبىرىغا قوشۇلغان يېڭى ھۆججەتلەرنى ئىزدەش ۋە مېدىيا ئۇچۇرلىرىنى يېڭىلاش.",
    "TaskRefreshLibrary": "مېدىيا ئامبىرىنى سىكاننېرلاش",
    "TaskRefreshChapterImagesDescription": "ۋېدىئو بۆلەكلىرى ئۈچۈن كىچىك سۈرەت ياساش.",
    "TaskRefreshChapterImages": "بۆلەكلەر رەسىملىرىنى چىقىرىۋېلىش",
    "TaskCleanCacheDescription": "سىستېما ئىھتىياجى يوق بولغان ۋاقىتلىق ھۆججەتلەرنى ئۆچۈرۈش.",
    "TaskCleanCache": "ۋاقىتلىق ھۆججەت قىسقۇچنى تازىلاش",
    "TaskCleanActivityLogDescription": "ۋاقىت تەڭشىكىدىن بۇرۇنقى پائالىيەت خاتىرىسى خاتىرىسىنى ئۆچۈرۈش.",
    "TaskCleanActivityLog": "پروگرامما خاتىرىسىنى تازىلاش",
    "TasksApplicationCategory": "پروگرامما",
    "TasksLibraryCategory": "مېدىيا ئامبىرى",
    "TasksMaintenanceCategory": "ئاسراش",
    "VersionNumber": "نەشرى {0}",
    "ValueSpecialEpisodeName": "خاسلىق - {0}",
    "ValueHasBeenAddedToLibrary": "{0} مېدىيا ئامبىرىڭىزغا قوشۇلدى",
    "UserStoppedPlayingItemWithValues": "{0}،{1} نى {2} دە قويۇنشتىن توختىدى",
    "UserStartedPlayingItemWithValues": "{0}،{1} نى {2} دە قويۇۋاتىدۇ",
    "UserPolicyUpdatedWithName": "ئابونتلار سىياسىتى {0} غا يېڭىلاندى",
    "UserPasswordChangedWithName": "ئابونت{0} ئۈچۈن پارول ئۆزگەرتىلدى",
    "UserOfflineFromDevice": "{0} بىلەن {1} نىڭ ئالاقىسى ئۈزۈلدى",
    "UserLockedOutWithName": "ئابونت {0} قۇلۇپلاندى",
    "UserDownloadingItemWithValues": "{0} چۈشۈرۈۋاتىدۇ {1}",
    "UserDeletedWithName": "{0} ئابونت ئۆچۈرۈلدى",
    "UserCreatedWithName": "{0} ئابونت يېڭىدىن قوشۇلدى",
    "User": "ئابونت",
    "Undefined": "بېكىتىلمىگەن",
    "TvShows": "تىياتىرلار",
    "System": "سىستېما",
    "Sync": "ماس قەدەمدەش",
    "SubtitleDownloadFailureFromForItem": "{0} دىن {0} نىڭ فىلىم خېتىنى چۈشۈرگىلى بولمىدى",
    "StartupEmbyServerIsLoading": "Jellyfin مۇلازىمىتېرى يۈكلىنىۋاتىدۇ. سەل تۇرۇپ قايتا سىناڭ.",
    "Songs": "ناخشىلار",
    "Shows": "پروگراممىلار",
    "ServerNameNeedsToBeRestarted": "{0} قايتا قوزغىتىلىشى كېرەك",
    "ScheduledTaskStartedWithName": "{0} باشلاندى",
    "ScheduledTaskFailedWithName": "{0} مەغلۇپ بولدى",
    "ProviderValue": "تەمىنلىگۈچى: {0}",
    "PluginUpdatedWithName": "{0} يېڭىلاندى",
    "PluginUninstalledWithName": "{0} ئۆچۈرۈلدى",
    "PluginInstalledWithName": "{0} قاچىلاندى",
    "Plugin": "قىستۇرما",
    "Playlists": "قويۇش تىزىملىكى",
    "Photos": "رەسىملەر",
    "NotificationOptionVideoPlaybackStopped": "سىن قويۇلۇش توختىدى",
    "NotificationOptionVideoPlayback": "سىن قويۇلدى",
    "NotificationOptionUserLockedOut": "ئابونت قۇلۇپلاندى",
    "NotificationOptionTaskFailed": "بەلگىلەنگەن ۋەزىپە مەغلۇپ بولدى",
    "NotificationOptionServerRestartRequired": "مۇلازىمىتېر قايتا قوزغىتىلىشى كېرەك",
    "NotificationOptionPluginUpdateInstalled": "قىستۇرما يېڭىلانمىسى قاچىلاندى",
    "NotificationOptionPluginInstalled": "قىستۇرما قاچىلاندى",
    "NotificationOptionPluginUninstalled": "قىستۇرما ئۆچۈرۈلدى",
    "NotificationOptionPluginError": "قىستۇرما خاتالىقى",
    "NotificationOptionNewLibraryContent": "يېڭى مەزمۇن قوشۇلدى",
    "NotificationOptionInstallationFailed": "قاچىلاش مەغلۇب بولدى",
    "NotificationOptionCameraImageUploaded": "كامىكامېرا سۈرىتى يوللاندى",
    "NotificationOptionAudioPlayback": "ئاۋاز قويۇش باشلاندى",
    "NotificationOptionAudioPlaybackStopped": "ئاۋاز قويۇش توختىدى",
    "NotificationOptionApplicationUpdateInstalled": "ئەپ يېڭىلانمىسى ئورنىتىلدى",
    "NotificationOptionApplicationUpdateAvailable": "ئەپنىڭ نەشرىنى يېڭىلىغىلى بولۇدۇ",
    "NewVersionIsAvailable": "Jellyfin Server نىڭ يېڭى نۇسخىسىنى چۈشۈرگىلى بولىدۇ.",
    "NameSeasonUnknown": "نامەمۇم بۆلۈم",
    "NameSeasonNumber": "{0}-بۆلۈم",
    "NameInstallFailed": "{0} قاچىلاش مەغلۇپ بولدى",
    "MusicVideos": "سىنلىق مۇزىكا",
    "Music": "مۇزىكا",
    "Movies": "فىلىملەر",
    "MixedContent": "ئارىلاشما مەزمۇن",
    "MessageNamedServerConfigurationUpdatedWithValue": "مۇلازىمىتېر تەڭشىكىنىڭ {0} قىسمى يېڭىلىنىپ بولدى",
    "MessageServerConfigurationUpdated": "مۇلازىمىتېر يېڭىلىنىپ بولدى",
    "MessageApplicationUpdated": "Jellyfin مۇلازىمىتېرى يېڭىلاندى",
    "MessageApplicationUpdatedTo": "Jellyfin مۇلازىمىتېر نەشرى {0} گە يېڭىلاندى",
    "Latest": "ئەڭ يېڭى",
    "LabelIpAddressValue": "{0}: IP ئادرىسى",
    "ItemRemovedWithName": "{0} ئامباردىن چىقىرىلدى",
    "ItemAddedWithName": "{0} ئامبارغا قوشۇلدى",
    "Inherit": "داۋاملاشتۇرۇش",
    "HomeVideos": "ئائىلە سىنلىرى",
    "HeaderNextUp": "كېيىنكىسى",
    "HeaderFavoriteSongs": "ئەڭ ياقتۇرىدىغان ناخشىلار",
    "HeaderFavoriteShows": "ئەڭ ياقتۇرىدىغان پروگراممىلار",
    "HeaderFavoriteEpisodes": "ئەڭ ياقتۇرىدىغان تىياتېرلار",
    "HeaderFavoriteArtists": "ئەڭ ياقتۇرىدىغان سەنئەتكارلار",
    "HeaderFavoriteAlbums": "ياقتۇرىدىغان پىلاستىنكىلار",
    "HeaderContinueWatching": "داۋاملىق كۆرۈش",
    "HeaderAlbumArtists": "پىلاستىنكا سەنئەتكارلىرى",
    "Genres": "ئۇسلۇبلار",
    "FailedLoginAttemptWithUserName": "{0} كىرىش ئوڭۇشلۇق بولمىدى",
    "External": "سىرتقى"
}
