{
    "TasksApplicationCategory": "Ukusetshenziswa",
    "TasksLibraryCategory": "Umtapo",
    "TasksMaintenanceCategory": "Ukunakekela",
    "User": "Umsebenzisi",
    "Undefined": "Akuchaziwe",
    "System": "Isistimu",
    "Sync": "Vumelanisa",
    "Songs": "Amaculo",
    "Shows": "Izinhlelo",
    "Plugin": "Isijobelelo",
    "Playlists": "Izinhla Zokudlalayo",
    "Photos": "Izithombe",
    "Music": "Umculo",
    "Movies": "Amamuvi",
    "Latest": "lwakamuva",
    "Inherit": "Ngefa",
    "Forced": "Kuphoqiwe",
    "Application": "Ukusetshenziswa",
    "Genres": "Izinhlobo",
    "Folders": "Izikhwama",
    "Favorites": "Izintandokazi",
    "Default": "Okumisiwe",
    "Collections": "Amaqoqo",
    "Channels": "Amashaneli",
    "Books": "Izincwadi",
    "Artists": "Abadlali",
    "Albums": "Ama-albhamu",
    "CameraImageUploadedFrom": "Kulandelayo lwesithonjana sekhamera selithunyelwe kusuka ku {0}",
    "HeaderFavoriteArtists": "Abasethi Abathandekayo",
    "HeaderFavoriteEpisodes": "Izilimi Ezithandekayo",
    "HeaderFavoriteShows": "Izisho Ezithandekayo",
    "External": "Kwezifungo",
    "FailedLoginAttemptWithUserName": "Ukushayiswa kwesithombe sokungena okungekho {0}",
    "HeaderContinueWatching": "Buyela Ukubona",
    "HeaderFavoriteAlbums": "Izimpahla Ezithandwayo",
    "HeaderAlbumArtists": "Abasethi wenkulumo"
}
